Date,Ticker,Signal Score,Sentiment Score,Screenshot
2025-07-16,ACGL,25.0,36.0,https://www.stockscores.com/chart.asp?TickerSymbol=ACGL&TimeRange=180&Interval=d&Volume=1&ChartType=CandleStick&Stockscores=1&ChartWidth=1100&ChartHeight=480&LogScale=&Band=&avgType1=&movAvg1=&avgType2=&movAvg2=&Indicator1=None&Indicator2=None&Indicator3=None&Indicator4=None&endDate=&CompareWith=&entryPrice=&stopLossPrice=&candles=redgreen
2025-07-16,ADBE,26.0,24.0,https://www.stockscores.com/chart.asp?TickerSymbol=ADBE&TimeRange=180&Interval=d&Volume=1&ChartType=CandleStick&Stockscores=1&ChartWidth=1100&ChartHeight=480&LogScale=&Band=&avgType1=&movAvg1=&avgType2=&movAvg2=&Indicator1=None&Indicator2=None&Indicator3=None&Indicator4=None&endDate=&CompareWith=&entryPrice=&stopLossPrice=&candles=redgreen
2025-07-16,AIT,72.0,71.0,https://www.stockscores.com/chart.asp?TickerSymbol=AIT&TimeRange=180&Interval=d&Volume=1&ChartType=CandleStick&Stockscores=1&ChartWidth=1100&ChartHeight=480&LogScale=&Band=&avgType1=&movAvg1=&avgType2=&movAvg2=&Indicator1=None&Indicator2=None&Indicator3=None&Indicator4=None&endDate=&CompareWith=&entryPrice=&stopLossPrice=&candles=redgreen
2025-07-16,AMAT,98.0,88.0,https://www.stockscores.com/chart.asp?TickerSymbol=AMAT&TimeRange=180&Interval=d&Volume=1&ChartType=CandleStick&Stockscores=1&ChartWidth=1100&ChartHeight=480&LogScale=&Band=&avgType1=&movAvg1=&avgType2=&movAvg2=&Indicator1=None&Indicator2=None&Indicator3=None&Indicator4=None&endDate=&CompareWith=&entryPrice=&stopLossPrice=&candles=redgreen
2025-07-16,AMZN,98.0,84.0,https://www.stockscores.com/chart.asp?TickerSymbol=AMZN&TimeRange=180&Interval=d&Volume=1&ChartType=CandleStick&Stockscores=1&ChartWidth=1100&ChartHeight=480&LogScale=&Band=&avgType1=&movAvg1=&avgType2=&movAvg2=&Indicator1=None&Indicator2=None&Indicator3=None&Indicator4=None&endDate=&CompareWith=&entryPrice=&stopLossPrice=&candles=redgreen
2025-07-16,ANET,72.0,77.0,https://www.stockscores.com/chart.asp?TickerSymbol=ANET&TimeRange=180&Interval=d&Volume=1&ChartType=CandleStick&Stockscores=1&ChartWidth=1100&ChartHeight=480&LogScale=&Band=&avgType1=&movAvg1=&avgType2=&movAvg2=&Indicator1=None&Indicator2=None&Indicator3=None&Indicator4=None&endDate=&CompareWith=&entryPrice=&stopLossPrice=&candles=redgreen
2025-07-16,APH,63.0,79.0,https://www.stockscores.com/chart.asp?TickerSymbol=APH&TimeRange=180&Interval=d&Volume=1&ChartType=CandleStick&Stockscores=1&ChartWidth=1100&ChartHeight=480&LogScale=&Band=&avgType1=&movAvg1=&avgType2=&movAvg2=&Indicator1=None&Indicator2=None&Indicator3=None&Indicator4=None&endDate=&CompareWith=&entryPrice=&stopLossPrice=&candles=redgreen
2025-07-16,APP,57.0,55.0,https://www.stockscores.com/chart.asp?TickerSymbol=APP&TimeRange=180&Interval=d&Volume=1&ChartType=CandleStick&Stockscores=1&ChartWidth=1100&ChartHeight=480&LogScale=&Band=&avgType1=&movAvg1=&avgType2=&movAvg2=&Indicator1=None&Indicator2=None&Indicator3=None&Indicator4=None&endDate=&CompareWith=&entryPrice=&stopLossPrice=&candles=redgreen
2025-07-16,ASML,98.0,81.0,https://www.stockscores.com/chart.asp?TickerSymbol=ASML&TimeRange=180&Interval=d&Volume=1&ChartType=CandleStick&Stockscores=1&ChartWidth=1100&ChartHeight=480&LogScale=&Band=&avgType1=&movAvg1=&avgType2=&movAvg2=&Indicator1=None&Indicator2=None&Indicator3=None&Indicator4=None&endDate=&CompareWith=&entryPrice=&stopLossPrice=&candles=redgreen
2025-07-16,ASR,40.0,47.0,https://www.stockscores.com/chart.asp?TickerSymbol=ASR&TimeRange=180&Interval=d&Volume=1&ChartType=CandleStick&Stockscores=1&ChartWidth=1100&ChartHeight=480&LogScale=&Band=&avgType1=&movAvg1=&avgType2=&movAvg2=&Indicator1=None&Indicator2=None&Indicator3=None&Indicator4=None&endDate=&CompareWith=&entryPrice=&stopLossPrice=&candles=redgreen
2025-07-16,ATAT,77.0,80.0,https://www.stockscores.com/chart.asp?TickerSymbol=ATAT&TimeRange=180&Interval=d&Volume=1&ChartType=CandleStick&Stockscores=1&ChartWidth=1100&ChartHeight=480&LogScale=&Band=&avgType1=&movAvg1=&avgType2=&movAvg2=&Indicator1=None&Indicator2=None&Indicator3=None&Indicator4=None&endDate=&CompareWith=&entryPrice=&stopLossPrice=&candles=redgreen
2025-07-16,BLD,74.0,70.0,https://www.stockscores.com/chart.asp?TickerSymbol=BLD&TimeRange=180&Interval=d&Volume=1&ChartType=CandleStick&Stockscores=1&ChartWidth=1100&ChartHeight=480&LogScale=&Band=&avgType1=&movAvg1=&avgType2=&movAvg2=&Indicator1=None&Indicator2=None&Indicator3=None&Indicator4=None&endDate=&CompareWith=&entryPrice=&stopLossPrice=&candles=redgreen
2025-07-16,BMI,24.0,54.0,https://www.stockscores.com/chart.asp?TickerSymbol=BMI&TimeRange=180&Interval=d&Volume=1&ChartType=CandleStick&Stockscores=1&ChartWidth=1100&ChartHeight=480&LogScale=&Band=&avgType1=&movAvg1=&avgType2=&movAvg2=&Indicator1=None&Indicator2=None&Indicator3=None&Indicator4=None&endDate=&CompareWith=&entryPrice=&stopLossPrice=&candles=redgreen
2025-07-16,BOOT,71.0,76.0,https://www.stockscores.com/chart.asp?TickerSymbol=BOOT&TimeRange=180&Interval=d&Volume=1&ChartType=CandleStick&Stockscores=1&ChartWidth=1100&ChartHeight=480&LogScale=&Band=&avgType1=&movAvg1=&avgType2=&movAvg2=&Indicator1=None&Indicator2=None&Indicator3=None&Indicator4=None&endDate=&CompareWith=&entryPrice=&stopLossPrice=&candles=redgreen
2025-07-16,CAMT,98.0,77.0,https://www.stockscores.com/chart.asp?TickerSymbol=CAMT&TimeRange=180&Interval=d&Volume=1&ChartType=CandleStick&Stockscores=1&ChartWidth=1100&ChartHeight=480&LogScale=&Band=&avgType1=&movAvg1=&avgType2=&movAvg2=&Indicator1=None&Indicator2=None&Indicator3=None&Indicator4=None&endDate=&CompareWith=&entryPrice=&stopLossPrice=&candles=redgreen
2025-07-16,CGTL,,,https://www.stockscores.com/chart.asp?TickerSymbol=CGTL&TimeRange=180&Interval=d&Volume=1&ChartType=CandleStick&Stockscores=1&ChartWidth=1100&ChartHeight=480&LogScale=&Band=&avgType1=&movAvg1=&avgType2=&movAvg2=&Indicator1=None&Indicator2=None&Indicator3=None&Indicator4=None&endDate=&CompareWith=&entryPrice=&stopLossPrice=&candles=redgreen
2025-07-16,CMG,49.0,67.0,https://www.stockscores.com/chart.asp?TickerSymbol=CMG&TimeRange=180&Interval=d&Volume=1&ChartType=CandleStick&Stockscores=1&ChartWidth=1100&ChartHeight=480&LogScale=&Band=&avgType1=&movAvg1=&avgType2=&movAvg2=&Indicator1=None&Indicator2=None&Indicator3=None&Indicator4=None&endDate=&CompareWith=&entryPrice=&stopLossPrice=&candles=redgreen
2025-07-16,COST,15.0,37.0,https://www.stockscores.com/chart.asp?TickerSymbol=COST&TimeRange=180&Interval=d&Volume=1&ChartType=CandleStick&Stockscores=1&ChartWidth=1100&ChartHeight=480&LogScale=&Band=&avgType1=&movAvg1=&avgType2=&movAvg2=&Indicator1=None&Indicator2=None&Indicator3=None&Indicator4=None&endDate=&CompareWith=&entryPrice=&stopLossPrice=&candles=redgreen
2025-07-16,CPRT,2.0,21.0,https://www.stockscores.com/chart.asp?TickerSymbol=CPRT&TimeRange=180&Interval=d&Volume=1&ChartType=CandleStick&Stockscores=1&ChartWidth=1100&ChartHeight=480&LogScale=&Band=&avgType1=&movAvg1=&avgType2=&movAvg2=&Indicator1=None&Indicator2=None&Indicator3=None&Indicator4=None&endDate=&CompareWith=&entryPrice=&stopLossPrice=&candles=redgreen
2025-07-16,CTAS,39.0,53.0,https://www.stockscores.com/chart.asp?TickerSymbol=CTAS&TimeRange=180&Interval=d&Volume=1&ChartType=CandleStick&Stockscores=1&ChartWidth=1100&ChartHeight=480&LogScale=&Band=&avgType1=&movAvg1=&avgType2=&movAvg2=&Indicator1=None&Indicator2=None&Indicator3=None&Indicator4=None&endDate=&CompareWith=&entryPrice=&stopLossPrice=&candles=redgreen
2025-07-16,CVCO,16.0,41.0,https://www.stockscores.com/chart.asp?TickerSymbol=CVCO&TimeRange=180&Interval=d&Volume=1&ChartType=CandleStick&Stockscores=1&ChartWidth=1100&ChartHeight=480&LogScale=&Band=&avgType1=&movAvg1=&avgType2=&movAvg2=&Indicator1=None&Indicator2=None&Indicator3=None&Indicator4=None&endDate=&CompareWith=&entryPrice=&stopLossPrice=&candles=redgreen
2025-07-16,DECK,2.0,27.0,https://www.stockscores.com/chart.asp?TickerSymbol=DECK&TimeRange=180&Interval=d&Volume=1&ChartType=CandleStick&Stockscores=1&ChartWidth=1100&ChartHeight=480&LogScale=&Band=&avgType1=&movAvg1=&avgType2=&movAvg2=&Indicator1=None&Indicator2=None&Indicator3=None&Indicator4=None&endDate=&CompareWith=&entryPrice=&stopLossPrice=&candles=redgreen
2025-07-16,DLO,59.0,62.0,https://www.stockscores.com/chart.asp?TickerSymbol=DLO&TimeRange=180&Interval=d&Volume=1&ChartType=CandleStick&Stockscores=1&ChartWidth=1100&ChartHeight=480&LogScale=&Band=&avgType1=&movAvg1=&avgType2=&movAvg2=&Indicator1=None&Indicator2=None&Indicator3=None&Indicator4=None&endDate=&CompareWith=&entryPrice=&stopLossPrice=&candles=redgreen
2025-07-16,DOCS,55.0,63.0,https://www.stockscores.com/chart.asp?TickerSymbol=DOCS&TimeRange=180&Interval=d&Volume=1&ChartType=CandleStick&Stockscores=1&ChartWidth=1100&ChartHeight=480&LogScale=&Band=&avgType1=&movAvg1=&avgType2=&movAvg2=&Indicator1=None&Indicator2=None&Indicator3=None&Indicator4=None&endDate=&CompareWith=&entryPrice=&stopLossPrice=&candles=redgreen
2025-07-16,DQ,55.0,60.0,https://www.stockscores.com/chart.asp?TickerSymbol=DQ&TimeRange=180&Interval=d&Volume=1&ChartType=CandleStick&Stockscores=1&ChartWidth=1100&ChartHeight=480&LogScale=&Band=&avgType1=&movAvg1=&avgType2=&movAvg2=&Indicator1=None&Indicator2=None&Indicator3=None&Indicator4=None&endDate=&CompareWith=&entryPrice=&stopLossPrice=&candles=redgreen
2025-07-16,DXST,,,https://www.stockscores.com/chart.asp?TickerSymbol=DXST&TimeRange=180&Interval=d&Volume=1&ChartType=CandleStick&Stockscores=1&ChartWidth=1100&ChartHeight=480&LogScale=&Band=&avgType1=&movAvg1=&avgType2=&movAvg2=&Indicator1=None&Indicator2=None&Indicator3=None&Indicator4=None&endDate=&CompareWith=&entryPrice=&stopLossPrice=&candles=redgreen
2025-07-16,EME,72.0,84.0,https://www.stockscores.com/chart.asp?TickerSymbol=EME&TimeRange=180&Interval=d&Volume=1&ChartType=CandleStick&Stockscores=1&ChartWidth=1100&ChartHeight=480&LogScale=&Band=&avgType1=&movAvg1=&avgType2=&movAvg2=&Indicator1=None&Indicator2=None&Indicator3=None&Indicator4=None&endDate=&CompareWith=&entryPrice=&stopLossPrice=&candles=redgreen
2025-07-16,ENSG,60.0,62.0,https://www.stockscores.com/chart.asp?TickerSymbol=ENSG&TimeRange=180&Interval=d&Volume=1&ChartType=CandleStick&Stockscores=1&ChartWidth=1100&ChartHeight=480&LogScale=&Band=&avgType1=&movAvg1=&avgType2=&movAvg2=&Indicator1=None&Indicator2=None&Indicator3=None&Indicator4=None&endDate=&CompareWith=&entryPrice=&stopLossPrice=&candles=redgreen
2025-07-16,ESQ,47.0,75.0,https://www.stockscores.com/chart.asp?TickerSymbol=ESQ&TimeRange=180&Interval=d&Volume=1&ChartType=CandleStick&Stockscores=1&ChartWidth=1100&ChartHeight=480&LogScale=&Band=&avgType1=&movAvg1=&avgType2=&movAvg2=&Indicator1=None&Indicator2=None&Indicator3=None&Indicator4=None&endDate=&CompareWith=&entryPrice=&stopLossPrice=&candles=redgreen
2025-07-16,EXLS,3.0,33.0,https://www.stockscores.com/chart.asp?TickerSymbol=EXLS&TimeRange=180&Interval=d&Volume=1&ChartType=CandleStick&Stockscores=1&ChartWidth=1100&ChartHeight=480&LogScale=&Band=&avgType1=&movAvg1=&avgType2=&movAvg2=&Indicator1=None&Indicator2=None&Indicator3=None&Indicator4=None&endDate=&CompareWith=&entryPrice=&stopLossPrice=&candles=redgreen
2025-07-16,FIHL,40.0,43.0,https://www.stockscores.com/chart.asp?TickerSymbol=FIHL&TimeRange=180&Interval=d&Volume=1&ChartType=CandleStick&Stockscores=1&ChartWidth=1100&ChartHeight=480&LogScale=&Band=&avgType1=&movAvg1=&avgType2=&movAvg2=&Indicator1=None&Indicator2=None&Indicator3=None&Indicator4=None&endDate=&CompareWith=&entryPrice=&stopLossPrice=&candles=redgreen
2025-07-16,FIX,63.0,79.0,https://www.stockscores.com/chart.asp?TickerSymbol=FIX&TimeRange=180&Interval=d&Volume=1&ChartType=CandleStick&Stockscores=1&ChartWidth=1100&ChartHeight=480&LogScale=&Band=&avgType1=&movAvg1=&avgType2=&movAvg2=&Indicator1=None&Indicator2=None&Indicator3=None&Indicator4=None&endDate=&CompareWith=&entryPrice=&stopLossPrice=&candles=redgreen
2025-07-16,FN,87.0,73.0,https://www.stockscores.com/chart.asp?TickerSymbol=FN&TimeRange=180&Interval=d&Volume=1&ChartType=CandleStick&Stockscores=1&ChartWidth=1100&ChartHeight=480&LogScale=&Band=&avgType1=&movAvg1=&avgType2=&movAvg2=&Indicator1=None&Indicator2=None&Indicator3=None&Indicator4=None&endDate=&CompareWith=&entryPrice=&stopLossPrice=&candles=redgreen
2025-07-16,FND,53.0,59.0,https://www.stockscores.com/chart.asp?TickerSymbol=FND&TimeRange=180&Interval=d&Volume=1&ChartType=CandleStick&Stockscores=1&ChartWidth=1100&ChartHeight=480&LogScale=&Band=&avgType1=&movAvg1=&avgType2=&movAvg2=&Indicator1=None&Indicator2=None&Indicator3=None&Indicator4=None&endDate=&CompareWith=&entryPrice=&stopLossPrice=&candles=redgreen
2025-07-16,FSS,62.0,81.0,https://www.stockscores.com/chart.asp?TickerSymbol=FSS&TimeRange=180&Interval=d&Volume=1&ChartType=CandleStick&Stockscores=1&ChartWidth=1100&ChartHeight=480&LogScale=&Band=&avgType1=&movAvg1=&avgType2=&movAvg2=&Indicator1=None&Indicator2=None&Indicator3=None&Indicator4=None&endDate=&CompareWith=&entryPrice=&stopLossPrice=&candles=redgreen
2025-07-16,FTLF,39.0,38.0,https://www.stockscores.com/chart.asp?TickerSymbol=FTLF&TimeRange=180&Interval=d&Volume=1&ChartType=CandleStick&Stockscores=1&ChartWidth=1100&ChartHeight=480&LogScale=&Band=&avgType1=&movAvg1=&avgType2=&movAvg2=&Indicator1=None&Indicator2=None&Indicator3=None&Indicator4=None&endDate=&CompareWith=&entryPrice=&stopLossPrice=&candles=redgreen
2025-07-16,FUFU,40.0,47.0,https://www.stockscores.com/chart.asp?TickerSymbol=FUFU&TimeRange=180&Interval=d&Volume=1&ChartType=CandleStick&Stockscores=1&ChartWidth=1100&ChartHeight=480&LogScale=&Band=&avgType1=&movAvg1=&avgType2=&movAvg2=&Indicator1=None&Indicator2=None&Indicator3=None&Indicator4=None&endDate=&CompareWith=&entryPrice=&stopLossPrice=&candles=redgreen
2025-07-16,GCT,61.0,71.0,https://www.stockscores.com/chart.asp?TickerSymbol=GCT&TimeRange=180&Interval=d&Volume=1&ChartType=CandleStick&Stockscores=1&ChartWidth=1100&ChartHeight=480&LogScale=&Band=&avgType1=&movAvg1=&avgType2=&movAvg2=&Indicator1=None&Indicator2=None&Indicator3=None&Indicator4=None&endDate=&CompareWith=&entryPrice=&stopLossPrice=&candles=redgreen
2025-07-16,GIT,,,
2025-07-16,GMAB,64.0,61.0,https://www.stockscores.com/chart.asp?TickerSymbol=GMAB&TimeRange=180&Interval=d&Volume=1&ChartType=CandleStick&Stockscores=1&ChartWidth=1100&ChartHeight=480&LogScale=&Band=&avgType1=&movAvg1=&avgType2=&movAvg2=&Indicator1=None&Indicator2=None&Indicator3=None&Indicator4=None&endDate=&CompareWith=&entryPrice=&stopLossPrice=&candles=redgreen
2025-07-16,GOOG,98.0,79.0,https://www.stockscores.com/chart.asp?TickerSymbol=GOOG&TimeRange=180&Interval=d&Volume=1&ChartType=CandleStick&Stockscores=1&ChartWidth=1100&ChartHeight=480&LogScale=&Band=&avgType1=&movAvg1=&avgType2=&movAvg2=&Indicator1=None&Indicator2=None&Indicator3=None&Indicator4=None&endDate=&CompareWith=&entryPrice=&stopLossPrice=&candles=redgreen
2025-07-16,GOOGL,98.0,80.0,https://www.stockscores.com/chart.asp?TickerSymbol=GOOGL&TimeRange=180&Interval=d&Volume=1&ChartType=CandleStick&Stockscores=1&ChartWidth=1100&ChartHeight=480&LogScale=&Band=&avgType1=&movAvg1=&avgType2=&movAvg2=&Indicator1=None&Indicator2=None&Indicator3=None&Indicator4=None&endDate=&CompareWith=&entryPrice=&stopLossPrice=&candles=redgreen
2025-07-16,GRMN,59.0,63.0,https://www.stockscores.com/chart.asp?TickerSymbol=GRMN&TimeRange=180&Interval=d&Volume=1&ChartType=CandleStick&Stockscores=1&ChartWidth=1100&ChartHeight=480&LogScale=&Band=&avgType1=&movAvg1=&avgType2=&movAvg2=&Indicator1=None&Indicator2=None&Indicator3=None&Indicator4=None&endDate=&CompareWith=&entryPrice=&stopLossPrice=&candles=redgreen
2025-07-16,HAO,54.0,44.0,https://www.stockscores.com/chart.asp?TickerSymbol=HAO&TimeRange=180&Interval=d&Volume=1&ChartType=CandleStick&Stockscores=1&ChartWidth=1100&ChartHeight=480&LogScale=&Band=&avgType1=&movAvg1=&avgType2=&movAvg2=&Indicator1=None&Indicator2=None&Indicator3=None&Indicator4=None&endDate=&CompareWith=&entryPrice=&stopLossPrice=&candles=redgreen
2025-07-16,IBKR,98.0,83.0,https://www.stockscores.com/chart.asp?TickerSymbol=IBKR&TimeRange=180&Interval=d&Volume=1&ChartType=CandleStick&Stockscores=1&ChartWidth=1100&ChartHeight=480&LogScale=&Band=&avgType1=&movAvg1=&avgType2=&movAvg2=&Indicator1=None&Indicator2=None&Indicator3=None&Indicator4=None&endDate=&CompareWith=&entryPrice=&stopLossPrice=&candles=redgreen
2025-07-16,IDXX,48.0,73.0,https://www.stockscores.com/chart.asp?TickerSymbol=IDXX&TimeRange=180&Interval=d&Volume=1&ChartType=CandleStick&Stockscores=1&ChartWidth=1100&ChartHeight=480&LogScale=&Band=&avgType1=&movAvg1=&avgType2=&movAvg2=&Indicator1=None&Indicator2=None&Indicator3=None&Indicator4=None&endDate=&CompareWith=&entryPrice=&stopLossPrice=&candles=redgreen
2025-07-16,IESC,71.0,79.0,https://www.stockscores.com/chart.asp?TickerSymbol=IESC&TimeRange=180&Interval=d&Volume=1&ChartType=CandleStick&Stockscores=1&ChartWidth=1100&ChartHeight=480&LogScale=&Band=&avgType1=&movAvg1=&avgType2=&movAvg2=&Indicator1=None&Indicator2=None&Indicator3=None&Indicator4=None&endDate=&CompareWith=&entryPrice=&stopLossPrice=&candles=redgreen
2025-07-16,INHI,,,
2025-07-16,INTU,60.0,68.0,https://www.stockscores.com/chart.asp?TickerSymbol=INTU&TimeRange=180&Interval=d&Volume=1&ChartType=CandleStick&Stockscores=1&ChartWidth=1100&ChartHeight=480&LogScale=&Band=&avgType1=&movAvg1=&avgType2=&movAvg2=&Indicator1=None&Indicator2=None&Indicator3=None&Indicator4=None&endDate=&CompareWith=&entryPrice=&stopLossPrice=&candles=redgreen
2025-07-16,IPAR,45.0,66.0,https://www.stockscores.com/chart.asp?TickerSymbol=IPAR&TimeRange=180&Interval=d&Volume=1&ChartType=CandleStick&Stockscores=1&ChartWidth=1100&ChartHeight=480&LogScale=&Band=&avgType1=&movAvg1=&avgType2=&movAvg2=&Indicator1=None&Indicator2=None&Indicator3=None&Indicator4=None&endDate=&CompareWith=&entryPrice=&stopLossPrice=&candles=redgreen
2025-07-16,IRMD,58.0,67.0,https://www.stockscores.com/chart.asp?TickerSymbol=IRMD&TimeRange=180&Interval=d&Volume=1&ChartType=CandleStick&Stockscores=1&ChartWidth=1100&ChartHeight=480&LogScale=&Band=&avgType1=&movAvg1=&avgType2=&movAvg2=&Indicator1=None&Indicator2=None&Indicator3=None&Indicator4=None&endDate=&CompareWith=&entryPrice=&stopLossPrice=&candles=redgreen
2025-07-16,KLAC,98.0,84.0,https://www.stockscores.com/chart.asp?TickerSymbol=KLAC&TimeRange=180&Interval=d&Volume=1&ChartType=CandleStick&Stockscores=1&ChartWidth=1100&ChartHeight=480&LogScale=&Band=&avgType1=&movAvg1=&avgType2=&movAvg2=&Indicator1=None&Indicator2=None&Indicator3=None&Indicator4=None&endDate=&CompareWith=&entryPrice=&stopLossPrice=&candles=redgreen
2025-07-16,KNSL,54.0,79.0,https://www.stockscores.com/chart.asp?TickerSymbol=KNSL&TimeRange=180&Interval=d&Volume=1&ChartType=CandleStick&Stockscores=1&ChartWidth=1100&ChartHeight=480&LogScale=&Band=&avgType1=&movAvg1=&avgType2=&movAvg2=&Indicator1=None&Indicator2=None&Indicator3=None&Indicator4=None&endDate=&CompareWith=&entryPrice=&stopLossPrice=&candles=redgreen
2025-07-16,KSPI,66.0,36.0,https://www.stockscores.com/chart.asp?TickerSymbol=KSPI&TimeRange=180&Interval=d&Volume=1&ChartType=CandleStick&Stockscores=1&ChartWidth=1100&ChartHeight=480&LogScale=&Band=&avgType1=&movAvg1=&avgType2=&movAvg2=&Indicator1=None&Indicator2=None&Indicator3=None&Indicator4=None&endDate=&CompareWith=&entryPrice=&stopLossPrice=&candles=redgreen
2025-07-16,LII,58.0,55.0,https://www.stockscores.com/chart.asp?TickerSymbol=LII&TimeRange=180&Interval=d&Volume=1&ChartType=CandleStick&Stockscores=1&ChartWidth=1100&ChartHeight=480&LogScale=&Band=&avgType1=&movAvg1=&avgType2=&movAvg2=&Indicator1=None&Indicator2=None&Indicator3=None&Indicator4=None&endDate=&CompareWith=&entryPrice=&stopLossPrice=&candles=redgreen
2025-07-16,LNTH,53.0,52.0,https://www.stockscores.com/chart.asp?TickerSymbol=LNTH&TimeRange=180&Interval=d&Volume=1&ChartType=CandleStick&Stockscores=1&ChartWidth=1100&ChartHeight=480&LogScale=&Band=&avgType1=&movAvg1=&avgType2=&movAvg2=&Indicator1=None&Indicator2=None&Indicator3=None&Indicator4=None&endDate=&CompareWith=&entryPrice=&stopLossPrice=&candles=redgreen
2025-07-16,LOBO,45.0,37.0,https://www.stockscores.com/chart.asp?TickerSymbol=LOBO&TimeRange=180&Interval=d&Volume=1&ChartType=CandleStick&Stockscores=1&ChartWidth=1100&ChartHeight=480&LogScale=&Band=&avgType1=&movAvg1=&avgType2=&movAvg2=&Indicator1=None&Indicator2=None&Indicator3=None&Indicator4=None&endDate=&CompareWith=&entryPrice=&stopLossPrice=&candles=redgreen
2025-07-16,LULU,2.0,33.0,https://www.stockscores.com/chart.asp?TickerSymbol=LULU&TimeRange=180&Interval=d&Volume=1&ChartType=CandleStick&Stockscores=1&ChartWidth=1100&ChartHeight=480&LogScale=&Band=&avgType1=&movAvg1=&avgType2=&movAvg2=&Indicator1=None&Indicator2=None&Indicator3=None&Indicator4=None&endDate=&CompareWith=&entryPrice=&stopLossPrice=&candles=redgreen
2025-07-16,MA,38.0,54.0,https://www.stockscores.com/chart.asp?TickerSymbol=MA&TimeRange=180&Interval=d&Volume=1&ChartType=CandleStick&Stockscores=1&ChartWidth=1100&ChartHeight=480&LogScale=&Band=&avgType1=&movAvg1=&avgType2=&movAvg2=&Indicator1=None&Indicator2=None&Indicator3=None&Indicator4=None&endDate=&CompareWith=&entryPrice=&stopLossPrice=&candles=redgreen
2025-07-16,MANH,67.0,81.0,https://www.stockscores.com/chart.asp?TickerSymbol=MANH&TimeRange=180&Interval=d&Volume=1&ChartType=CandleStick&Stockscores=1&ChartWidth=1100&ChartHeight=480&LogScale=&Band=&avgType1=&movAvg1=&avgType2=&movAvg2=&Indicator1=None&Indicator2=None&Indicator3=None&Indicator4=None&endDate=&CompareWith=&entryPrice=&stopLossPrice=&candles=redgreen
2025-07-16,MEDP,56.0,63.0,https://www.stockscores.com/chart.asp?TickerSymbol=MEDP&TimeRange=180&Interval=d&Volume=1&ChartType=CandleStick&Stockscores=1&ChartWidth=1100&ChartHeight=480&LogScale=&Band=&avgType1=&movAvg1=&avgType2=&movAvg2=&Indicator1=None&Indicator2=None&Indicator3=None&Indicator4=None&endDate=&CompareWith=&entryPrice=&stopLossPrice=&candles=redgreen
2025-07-16,META,54.0,68.0,https://www.stockscores.com/chart.asp?TickerSymbol=META&TimeRange=180&Interval=d&Volume=1&ChartType=CandleStick&Stockscores=1&ChartWidth=1100&ChartHeight=480&LogScale=&Band=&avgType1=&movAvg1=&avgType2=&movAvg2=&Indicator1=None&Indicator2=None&Indicator3=None&Indicator4=None&endDate=&CompareWith=&entryPrice=&stopLossPrice=&candles=redgreen
2025-07-16,MNST,40.0,54.0,https://www.stockscores.com/chart.asp?TickerSymbol=MNST&TimeRange=180&Interval=d&Volume=1&ChartType=CandleStick&Stockscores=1&ChartWidth=1100&ChartHeight=480&LogScale=&Band=&avgType1=&movAvg1=&avgType2=&movAvg2=&Indicator1=None&Indicator2=None&Indicator3=None&Indicator4=None&endDate=&CompareWith=&entryPrice=&stopLossPrice=&candles=redgreen
2025-07-16,MORN,40.0,54.0,https://www.stockscores.com/chart.asp?TickerSymbol=MORN&TimeRange=180&Interval=d&Volume=1&ChartType=CandleStick&Stockscores=1&ChartWidth=1100&ChartHeight=480&LogScale=&Band=&avgType1=&movAvg1=&avgType2=&movAvg2=&Indicator1=None&Indicator2=None&Indicator3=None&Indicator4=None&endDate=&CompareWith=&entryPrice=&stopLossPrice=&candles=redgreen
2025-07-16,MPTI,18.0,43.0,https://www.stockscores.com/chart.asp?TickerSymbol=MPTI&TimeRange=180&Interval=d&Volume=1&ChartType=CandleStick&Stockscores=1&ChartWidth=1100&ChartHeight=480&LogScale=&Band=&avgType1=&movAvg1=&avgType2=&movAvg2=&Indicator1=None&Indicator2=None&Indicator3=None&Indicator4=None&endDate=&CompareWith=&entryPrice=&stopLossPrice=&candles=redgreen
2025-07-16,MPWR,48.0,66.0,https://www.stockscores.com/chart.asp?TickerSymbol=MPWR&TimeRange=180&Interval=d&Volume=1&ChartType=CandleStick&Stockscores=1&ChartWidth=1100&ChartHeight=480&LogScale=&Band=&avgType1=&movAvg1=&avgType2=&movAvg2=&Indicator1=None&Indicator2=None&Indicator3=None&Indicator4=None&endDate=&CompareWith=&entryPrice=&stopLossPrice=&candles=redgreen
2025-07-16,MSFT,98.0,84.0,https://www.stockscores.com/chart.asp?TickerSymbol=MSFT&TimeRange=180&Interval=d&Volume=1&ChartType=CandleStick&Stockscores=1&ChartWidth=1100&ChartHeight=480&LogScale=&Band=&avgType1=&movAvg1=&avgType2=&movAvg2=&Indicator1=None&Indicator2=None&Indicator3=None&Indicator4=None&endDate=&CompareWith=&entryPrice=&stopLossPrice=&candles=redgreen
2025-07-16,NSSC,72.0,79.0,https://www.stockscores.com/chart.asp?TickerSymbol=NSSC&TimeRange=180&Interval=d&Volume=1&ChartType=CandleStick&Stockscores=1&ChartWidth=1100&ChartHeight=480&LogScale=&Band=&avgType1=&movAvg1=&avgType2=&movAvg2=&Indicator1=None&Indicator2=None&Indicator3=None&Indicator4=None&endDate=&CompareWith=&entryPrice=&stopLossPrice=&candles=redgreen
2025-07-16,NTES,68.0,66.0,https://www.stockscores.com/chart.asp?TickerSymbol=NTES&TimeRange=180&Interval=d&Volume=1&ChartType=CandleStick&Stockscores=1&ChartWidth=1100&ChartHeight=480&LogScale=&Band=&avgType1=&movAvg1=&avgType2=&movAvg2=&Indicator1=None&Indicator2=None&Indicator3=None&Indicator4=None&endDate=&CompareWith=&entryPrice=&stopLossPrice=&candles=redgreen
2025-07-16,NVDA,98.0,90.0,https://www.stockscores.com/chart.asp?TickerSymbol=NVDA&TimeRange=180&Interval=d&Volume=1&ChartType=CandleStick&Stockscores=1&ChartWidth=1100&ChartHeight=480&LogScale=&Band=&avgType1=&movAvg1=&avgType2=&movAvg2=&Indicator1=None&Indicator2=None&Indicator3=None&Indicator4=None&endDate=&CompareWith=&entryPrice=&stopLossPrice=&candles=redgreen
2025-07-16,NVMI,81.0,70.0,https://www.stockscores.com/chart.asp?TickerSymbol=NVMI&TimeRange=180&Interval=d&Volume=1&ChartType=CandleStick&Stockscores=1&ChartWidth=1100&ChartHeight=480&LogScale=&Band=&avgType1=&movAvg1=&avgType2=&movAvg2=&Indicator1=None&Indicator2=None&Indicator3=None&Indicator4=None&endDate=&CompareWith=&entryPrice=&stopLossPrice=&candles=redgreen
2025-07-16,NVO,12.0,45.0,https://www.stockscores.com/chart.asp?TickerSymbol=NVO&TimeRange=180&Interval=d&Volume=1&ChartType=CandleStick&Stockscores=1&ChartWidth=1100&ChartHeight=480&LogScale=&Band=&avgType1=&movAvg1=&avgType2=&movAvg2=&Indicator1=None&Indicator2=None&Indicator3=None&Indicator4=None&endDate=&CompareWith=&entryPrice=&stopLossPrice=&candles=redgreen
2025-07-16,NYT,35.0,68.0,https://www.stockscores.com/chart.asp?TickerSymbol=NYT&TimeRange=180&Interval=d&Volume=1&ChartType=CandleStick&Stockscores=1&ChartWidth=1100&ChartHeight=480&LogScale=&Band=&avgType1=&movAvg1=&avgType2=&movAvg2=&Indicator1=None&Indicator2=None&Indicator3=None&Indicator4=None&endDate=&CompareWith=&entryPrice=&stopLossPrice=&candles=redgreen
2025-07-16,ODD,70.0,68.0,https://www.stockscores.com/chart.asp?TickerSymbol=ODD&TimeRange=180&Interval=d&Volume=1&ChartType=CandleStick&Stockscores=1&ChartWidth=1100&ChartHeight=480&LogScale=&Band=&avgType1=&movAvg1=&avgType2=&movAvg2=&Indicator1=None&Indicator2=None&Indicator3=None&Indicator4=None&endDate=&CompareWith=&entryPrice=&stopLossPrice=&candles=redgreen
2025-07-16,OLLI,35.0,62.0,https://www.stockscores.com/chart.asp?TickerSymbol=OLLI&TimeRange=180&Interval=d&Volume=1&ChartType=CandleStick&Stockscores=1&ChartWidth=1100&ChartHeight=480&LogScale=&Band=&avgType1=&movAvg1=&avgType2=&movAvg2=&Indicator1=None&Indicator2=None&Indicator3=None&Indicator4=None&endDate=&CompareWith=&entryPrice=&stopLossPrice=&candles=redgreen
2025-07-16,OMAB,71.0,80.0,https://www.stockscores.com/chart.asp?TickerSymbol=OMAB&TimeRange=180&Interval=d&Volume=1&ChartType=CandleStick&Stockscores=1&ChartWidth=1100&ChartHeight=480&LogScale=&Band=&avgType1=&movAvg1=&avgType2=&movAvg2=&Indicator1=None&Indicator2=None&Indicator3=None&Indicator4=None&endDate=&CompareWith=&entryPrice=&stopLossPrice=&candles=redgreen
2025-07-16,PAYC,40.0,47.0,https://www.stockscores.com/chart.asp?TickerSymbol=PAYC&TimeRange=180&Interval=d&Volume=1&ChartType=CandleStick&Stockscores=1&ChartWidth=1100&ChartHeight=480&LogScale=&Band=&avgType1=&movAvg1=&avgType2=&movAvg2=&Indicator1=None&Indicator2=None&Indicator3=None&Indicator4=None&endDate=&CompareWith=&entryPrice=&stopLossPrice=&candles=redgreen
2025-07-16,PGR,2.0,23.0,https://www.stockscores.com/chart.asp?TickerSymbol=PGR&TimeRange=180&Interval=d&Volume=1&ChartType=CandleStick&Stockscores=1&ChartWidth=1100&ChartHeight=480&LogScale=&Band=&avgType1=&movAvg1=&avgType2=&movAvg2=&Indicator1=None&Indicator2=None&Indicator3=None&Indicator4=None&endDate=&CompareWith=&entryPrice=&stopLossPrice=&candles=redgreen
2025-07-16,PHM,65.0,73.0,https://www.stockscores.com/chart.asp?TickerSymbol=PHM&TimeRange=180&Interval=d&Volume=1&ChartType=CandleStick&Stockscores=1&ChartWidth=1100&ChartHeight=480&LogScale=&Band=&avgType1=&movAvg1=&avgType2=&movAvg2=&Indicator1=None&Indicator2=None&Indicator3=None&Indicator4=None&endDate=&CompareWith=&entryPrice=&stopLossPrice=&candles=redgreen
2025-07-16,PJT,71.0,79.0,https://www.stockscores.com/chart.asp?TickerSymbol=PJT&TimeRange=180&Interval=d&Volume=1&ChartType=CandleStick&Stockscores=1&ChartWidth=1100&ChartHeight=480&LogScale=&Band=&avgType1=&movAvg1=&avgType2=&movAvg2=&Indicator1=None&Indicator2=None&Indicator3=None&Indicator4=None&endDate=&CompareWith=&entryPrice=&stopLossPrice=&candles=redgreen
2025-07-16,PLAS,,,
2025-07-16,PLUS,45.0,53.0,https://www.stockscores.com/chart.asp?TickerSymbol=PLUS&TimeRange=180&Interval=d&Volume=1&ChartType=CandleStick&Stockscores=1&ChartWidth=1100&ChartHeight=480&LogScale=&Band=&avgType1=&movAvg1=&avgType2=&movAvg2=&Indicator1=None&Indicator2=None&Indicator3=None&Indicator4=None&endDate=&CompareWith=&entryPrice=&stopLossPrice=&candles=redgreen
2025-07-16,POOL,44.0,44.0,https://www.stockscores.com/chart.asp?TickerSymbol=POOL&TimeRange=180&Interval=d&Volume=1&ChartType=CandleStick&Stockscores=1&ChartWidth=1100&ChartHeight=480&LogScale=&Band=&avgType1=&movAvg1=&avgType2=&movAvg2=&Indicator1=None&Indicator2=None&Indicator3=None&Indicator4=None&endDate=&CompareWith=&entryPrice=&stopLossPrice=&candles=redgreen
2025-07-16,PPLT,68.0,76.0,https://www.stockscores.com/chart.asp?TickerSymbol=PPLT&TimeRange=180&Interval=d&Volume=1&ChartType=CandleStick&Stockscores=1&ChartWidth=1100&ChartHeight=480&LogScale=&Band=&avgType1=&movAvg1=&avgType2=&movAvg2=&Indicator1=None&Indicator2=None&Indicator3=None&Indicator4=None&endDate=&CompareWith=&entryPrice=&stopLossPrice=&candles=redgreen
2025-07-16,PYPL,59.0,66.0,https://www.stockscores.com/chart.asp?TickerSymbol=PYPL&TimeRange=180&Interval=d&Volume=1&ChartType=CandleStick&Stockscores=1&ChartWidth=1100&ChartHeight=480&LogScale=&Band=&avgType1=&movAvg1=&avgType2=&movAvg2=&Indicator1=None&Indicator2=None&Indicator3=None&Indicator4=None&endDate=&CompareWith=&entryPrice=&stopLossPrice=&candles=redgreen
2025-07-16,QLYS,59.0,68.0,https://www.stockscores.com/chart.asp?TickerSymbol=QLYS&TimeRange=180&Interval=d&Volume=1&ChartType=CandleStick&Stockscores=1&ChartWidth=1100&ChartHeight=480&LogScale=&Band=&avgType1=&movAvg1=&avgType2=&movAvg2=&Indicator1=None&Indicator2=None&Indicator3=None&Indicator4=None&endDate=&CompareWith=&entryPrice=&stopLossPrice=&candles=redgreen
2025-07-16,RACE,37.0,62.0,https://www.stockscores.com/chart.asp?TickerSymbol=RACE&TimeRange=180&Interval=d&Volume=1&ChartType=CandleStick&Stockscores=1&ChartWidth=1100&ChartHeight=480&LogScale=&Band=&avgType1=&movAvg1=&avgType2=&movAvg2=&Indicator1=None&Indicator2=None&Indicator3=None&Indicator4=None&endDate=&CompareWith=&entryPrice=&stopLossPrice=&candles=redgreen
2025-07-16,RAY,57.0,61.0,https://www.stockscores.com/chart.asp?TickerSymbol=RAY&TimeRange=180&Interval=d&Volume=1&ChartType=CandleStick&Stockscores=1&ChartWidth=1100&ChartHeight=480&LogScale=&Band=&avgType1=&movAvg1=&avgType2=&movAvg2=&Indicator1=None&Indicator2=None&Indicator3=None&Indicator4=None&endDate=&CompareWith=&entryPrice=&stopLossPrice=&candles=redgreen
2025-07-16,RLI,16.0,25.0,https://www.stockscores.com/chart.asp?TickerSymbol=RLI&TimeRange=180&Interval=d&Volume=1&ChartType=CandleStick&Stockscores=1&ChartWidth=1100&ChartHeight=480&LogScale=&Band=&avgType1=&movAvg1=&avgType2=&movAvg2=&Indicator1=None&Indicator2=None&Indicator3=None&Indicator4=None&endDate=&CompareWith=&entryPrice=&stopLossPrice=&candles=redgreen
2025-07-16,RMD,35.0,66.0,https://www.stockscores.com/chart.asp?TickerSymbol=RMD&TimeRange=180&Interval=d&Volume=1&ChartType=CandleStick&Stockscores=1&ChartWidth=1100&ChartHeight=480&LogScale=&Band=&avgType1=&movAvg1=&avgType2=&movAvg2=&Indicator1=None&Indicator2=None&Indicator3=None&Indicator4=None&endDate=&CompareWith=&entryPrice=&stopLossPrice=&candles=redgreen
2025-07-16,ROL,29.0,45.0,https://www.stockscores.com/chart.asp?TickerSymbol=ROL&TimeRange=180&Interval=d&Volume=1&ChartType=CandleStick&Stockscores=1&ChartWidth=1100&ChartHeight=480&LogScale=&Band=&avgType1=&movAvg1=&avgType2=&movAvg2=&Indicator1=None&Indicator2=None&Indicator3=None&Indicator4=None&endDate=&CompareWith=&entryPrice=&stopLossPrice=&candles=redgreen
2025-07-16,RSHL,,,
2025-07-16,SFM,60.0,52.0,https://www.stockscores.com/chart.asp?TickerSymbol=SFM&TimeRange=180&Interval=d&Volume=1&ChartType=CandleStick&Stockscores=1&ChartWidth=1100&ChartHeight=480&LogScale=&Band=&avgType1=&movAvg1=&avgType2=&movAvg2=&Indicator1=None&Indicator2=None&Indicator3=None&Indicator4=None&endDate=&CompareWith=&entryPrice=&stopLossPrice=&candles=redgreen
2025-07-16,SKX,63.0,76.0,https://www.stockscores.com/chart.asp?TickerSymbol=SKX&TimeRange=180&Interval=d&Volume=1&ChartType=CandleStick&Stockscores=1&ChartWidth=1100&ChartHeight=480&LogScale=&Band=&avgType1=&movAvg1=&avgType2=&movAvg2=&Indicator1=None&Indicator2=None&Indicator3=None&Indicator4=None&endDate=&CompareWith=&entryPrice=&stopLossPrice=&candles=redgreen
2025-07-16,SNPS,98.0,81.0,https://www.stockscores.com/chart.asp?TickerSymbol=SNPS&TimeRange=180&Interval=d&Volume=1&ChartType=CandleStick&Stockscores=1&ChartWidth=1100&ChartHeight=480&LogScale=&Band=&avgType1=&movAvg1=&avgType2=&movAvg2=&Indicator1=None&Indicator2=None&Indicator3=None&Indicator4=None&endDate=&CompareWith=&entryPrice=&stopLossPrice=&candles=redgreen
2025-07-16,SSD,62.0,61.0,https://www.stockscores.com/chart.asp?TickerSymbol=SSD&TimeRange=180&Interval=d&Volume=1&ChartType=CandleStick&Stockscores=1&ChartWidth=1100&ChartHeight=480&LogScale=&Band=&avgType1=&movAvg1=&avgType2=&movAvg2=&Indicator1=None&Indicator2=None&Indicator3=None&Indicator4=None&endDate=&CompareWith=&entryPrice=&stopLossPrice=&candles=redgreen
2025-07-16,STRL,61.0,76.0,https://www.stockscores.com/chart.asp?TickerSymbol=STRL&TimeRange=180&Interval=d&Volume=1&ChartType=CandleStick&Stockscores=1&ChartWidth=1100&ChartHeight=480&LogScale=&Band=&avgType1=&movAvg1=&avgType2=&movAvg2=&Indicator1=None&Indicator2=None&Indicator3=None&Indicator4=None&endDate=&CompareWith=&entryPrice=&stopLossPrice=&candles=redgreen
2025-07-16,TGLS,16.0,44.0,https://www.stockscores.com/chart.asp?TickerSymbol=TGLS&TimeRange=180&Interval=d&Volume=1&ChartType=CandleStick&Stockscores=1&ChartWidth=1100&ChartHeight=480&LogScale=&Band=&avgType1=&movAvg1=&avgType2=&movAvg2=&Indicator1=None&Indicator2=None&Indicator3=None&Indicator4=None&endDate=&CompareWith=&entryPrice=&stopLossPrice=&candles=redgreen
2025-07-16,TGS,44.0,45.0,https://www.stockscores.com/chart.asp?TickerSymbol=TGS&TimeRange=180&Interval=d&Volume=1&ChartType=CandleStick&Stockscores=1&ChartWidth=1100&ChartHeight=480&LogScale=&Band=&avgType1=&movAvg1=&avgType2=&movAvg2=&Indicator1=None&Indicator2=None&Indicator3=None&Indicator4=None&endDate=&CompareWith=&entryPrice=&stopLossPrice=&candles=redgreen
2025-07-16,TSM,98.0,80.0,https://www.stockscores.com/chart.asp?TickerSymbol=TSM&TimeRange=180&Interval=d&Volume=1&ChartType=CandleStick&Stockscores=1&ChartWidth=1100&ChartHeight=480&LogScale=&Band=&avgType1=&movAvg1=&avgType2=&movAvg2=&Indicator1=None&Indicator2=None&Indicator3=None&Indicator4=None&endDate=&CompareWith=&entryPrice=&stopLossPrice=&candles=redgreen
2025-07-16,TXRH,49.0,67.0,https://www.stockscores.com/chart.asp?TickerSymbol=TXRH&TimeRange=180&Interval=d&Volume=1&ChartType=CandleStick&Stockscores=1&ChartWidth=1100&ChartHeight=480&LogScale=&Band=&avgType1=&movAvg1=&avgType2=&movAvg2=&Indicator1=None&Indicator2=None&Indicator3=None&Indicator4=None&endDate=&CompareWith=&entryPrice=&stopLossPrice=&candles=redgreen
2025-07-16,ULTA,64.0,74.0,https://www.stockscores.com/chart.asp?TickerSymbol=ULTA&TimeRange=180&Interval=d&Volume=1&ChartType=CandleStick&Stockscores=1&ChartWidth=1100&ChartHeight=480&LogScale=&Band=&avgType1=&movAvg1=&avgType2=&movAvg2=&Indicator1=None&Indicator2=None&Indicator3=None&Indicator4=None&endDate=&CompareWith=&entryPrice=&stopLossPrice=&candles=redgreen
2025-07-16,USLM,50.0,59.0,https://www.stockscores.com/chart.asp?TickerSymbol=USLM&TimeRange=180&Interval=d&Volume=1&ChartType=CandleStick&Stockscores=1&ChartWidth=1100&ChartHeight=480&LogScale=&Band=&avgType1=&movAvg1=&avgType2=&movAvg2=&Indicator1=None&Indicator2=None&Indicator3=None&Indicator4=None&endDate=&CompareWith=&entryPrice=&stopLossPrice=&candles=redgreen
2025-07-16,UUUU,73.0,81.0,https://www.stockscores.com/chart.asp?TickerSymbol=UUUU&TimeRange=180&Interval=d&Volume=1&ChartType=CandleStick&Stockscores=1&ChartWidth=1100&ChartHeight=480&LogScale=&Band=&avgType1=&movAvg1=&avgType2=&movAvg2=&Indicator1=None&Indicator2=None&Indicator3=None&Indicator4=None&endDate=&CompareWith=&entryPrice=&stopLossPrice=&candles=redgreen
2025-07-16,V,28.0,52.0,https://www.stockscores.com/chart.asp?TickerSymbol=V&TimeRange=180&Interval=d&Volume=1&ChartType=CandleStick&Stockscores=1&ChartWidth=1100&ChartHeight=480&LogScale=&Band=&avgType1=&movAvg1=&avgType2=&movAvg2=&Indicator1=None&Indicator2=None&Indicator3=None&Indicator4=None&endDate=&CompareWith=&entryPrice=&stopLossPrice=&candles=redgreen
2025-07-16,VCIG,15.0,21.0,https://www.stockscores.com/chart.asp?TickerSymbol=VCIG&TimeRange=180&Interval=d&Volume=1&ChartType=CandleStick&Stockscores=1&ChartWidth=1100&ChartHeight=480&LogScale=&Band=&avgType1=&movAvg1=&avgType2=&movAvg2=&Indicator1=None&Indicator2=None&Indicator3=None&Indicator4=None&endDate=&CompareWith=&entryPrice=&stopLossPrice=&candles=redgreen
2025-07-16,VEEV,59.0,67.0,https://www.stockscores.com/chart.asp?TickerSymbol=VEEV&TimeRange=180&Interval=d&Volume=1&ChartType=CandleStick&Stockscores=1&ChartWidth=1100&ChartHeight=480&LogScale=&Band=&avgType1=&movAvg1=&avgType2=&movAvg2=&Indicator1=None&Indicator2=None&Indicator3=None&Indicator4=None&endDate=&CompareWith=&entryPrice=&stopLossPrice=&candles=redgreen
2025-07-16,VRTX,60.0,53.0,https://www.stockscores.com/chart.asp?TickerSymbol=VRTX&TimeRange=180&Interval=d&Volume=1&ChartType=CandleStick&Stockscores=1&ChartWidth=1100&ChartHeight=480&LogScale=&Band=&avgType1=&movAvg1=&avgType2=&movAvg2=&Indicator1=None&Indicator2=None&Indicator3=None&Indicator4=None&endDate=&CompareWith=&entryPrice=&stopLossPrice=&candles=redgreen
2025-07-16,WSO,49.0,46.0,https://www.stockscores.com/chart.asp?TickerSymbol=WSO&TimeRange=180&Interval=d&Volume=1&ChartType=CandleStick&Stockscores=1&ChartWidth=1100&ChartHeight=480&LogScale=&Band=&avgType1=&movAvg1=&avgType2=&movAvg2=&Indicator1=None&Indicator2=None&Indicator3=None&Indicator4=None&endDate=&CompareWith=&entryPrice=&stopLossPrice=&candles=redgreen
2025-07-16,WSO.B,98.0,83.0,https://www.stockscores.com/chart.asp?TickerSymbol=WSO.B&TimeRange=180&Interval=d&Volume=1&ChartType=CandleStick&Stockscores=1&ChartWidth=1100&ChartHeight=480&LogScale=&Band=&avgType1=&movAvg1=&avgType2=&movAvg2=&Indicator1=None&Indicator2=None&Indicator3=None&Indicator4=None&endDate=&CompareWith=&entryPrice=&stopLossPrice=&candles=redgreen
2025-07-16,WTS,57.0,78.0,https://www.stockscores.com/chart.asp?TickerSymbol=WTS&TimeRange=180&Interval=d&Volume=1&ChartType=CandleStick&Stockscores=1&ChartWidth=1100&ChartHeight=480&LogScale=&Band=&avgType1=&movAvg1=&avgType2=&movAvg2=&Indicator1=None&Indicator2=None&Indicator3=None&Indicator4=None&endDate=&CompareWith=&entryPrice=&stopLossPrice=&candles=redgreen
2025-07-16,XPEL,48.0,62.0,https://www.stockscores.com/chart.asp?TickerSymbol=XPEL&TimeRange=180&Interval=d&Volume=1&ChartType=CandleStick&Stockscores=1&ChartWidth=1100&ChartHeight=480&LogScale=&Band=&avgType1=&movAvg1=&avgType2=&movAvg2=&Indicator1=None&Indicator2=None&Indicator3=None&Indicator4=None&endDate=&CompareWith=&entryPrice=&stopLossPrice=&candles=redgreen
2025-07-16,XYF,70.0,72.0,https://www.stockscores.com/chart.asp?TickerSymbol=XYF&TimeRange=180&Interval=d&Volume=1&ChartType=CandleStick&Stockscores=1&ChartWidth=1100&ChartHeight=480&LogScale=&Band=&avgType1=&movAvg1=&avgType2=&movAvg2=&Indicator1=None&Indicator2=None&Indicator3=None&Indicator4=None&endDate=&CompareWith=&entryPrice=&stopLossPrice=&candles=redgreen
2025-07-16,YALA,62.0,64.0,https://www.stockscores.com/chart.asp?TickerSymbol=YALA&TimeRange=180&Interval=d&Volume=1&ChartType=CandleStick&Stockscores=1&ChartWidth=1100&ChartHeight=480&LogScale=&Band=&avgType1=&movAvg1=&avgType2=&movAvg2=&Indicator1=None&Indicator2=None&Indicator3=None&Indicator4=None&endDate=&CompareWith=&entryPrice=&stopLossPrice=&candles=redgreen
2025-07-16,ZTO,62.0,50.0,https://www.stockscores.com/chart.asp?TickerSymbol=ZTO&TimeRange=180&Interval=d&Volume=1&ChartType=CandleStick&Stockscores=1&ChartWidth=1100&ChartHeight=480&LogScale=&Band=&avgType1=&movAvg1=&avgType2=&movAvg2=&Indicator1=None&Indicator2=None&Indicator3=None&Indicator4=None&endDate=&CompareWith=&entryPrice=&stopLossPrice=&candles=redgreen
2025-07-16,ZTS,12.0,36.0,https://www.stockscores.com/chart.asp?TickerSymbol=ZTS&TimeRange=180&Interval=d&Volume=1&ChartType=CandleStick&Stockscores=1&ChartWidth=1100&ChartHeight=480&LogScale=&Band=&avgType1=&movAvg1=&avgType2=&movAvg2=&Indicator1=None&Indicator2=None&Indicator3=None&Indicator4=None&endDate=&CompareWith=&entryPrice=&stopLossPrice=&candles=redgreen
