ticker,rule1_score,management_score,moat_score,buy_price,last_price,percentage_upside,dividend,cash_per_share,guru,Signal Score,Sentiment Score,Screenshot
ACGL,93,85,100,$387.42,$88.19,778.60%,23.42,21.84,3.29 years,25.0,36.0,https://www.stockscores.com/chart.asp?TickerSymbol=ACGL&TimeRange=180&Interval=d&Volume=1&ChartType=CandleStick&Stockscores=1&ChartWidth=1100&ChartHeight=480&LogScale=&Band=&avgType1=&movAvg1=&avgType2=&movAvg2=&Indicator1=None&Indicator2=None&Indicator3=None&Indicator4=None&endDate=&CompareWith=&entryPrice=&stopLossPrice=&candles=redgreen
ADBE,93,100,85,$410.23,$364.18,125.29%,18.57,16.43,7.49 years,26.0,24.0,https://www.stockscores.com/chart.asp?TickerSymbol=ADBE&TimeRange=180&Interval=d&Volume=1&ChartType=CandleStick&Stockscores=1&ChartWidth=1100&ChartHeight=480&LogScale=&Band=&avgType1=&movAvg1=&avgType2=&movAvg2=&Indicator1=None&Indicator2=None&Indicator3=None&Indicator4=None&endDate=&CompareWith=&entryPrice=&stopLossPrice=&candles=redgreen
AIT,93,93,93,"$1,538.12",$254.41,1109.07%,33.83,5.1,4.46 years,72.0,71.0,https://www.stockscores.com/chart.asp?TickerSymbol=AIT&TimeRange=180&Interval=d&Volume=1&ChartType=CandleStick&Stockscores=1&ChartWidth=1100&ChartHeight=480&LogScale=&Band=&avgType1=&movAvg1=&avgType2=&movAvg2=&Indicator1=None&Indicator2=None&Indicator3=None&Indicator4=None&endDate=&CompareWith=&entryPrice=&stopLossPrice=&candles=redgreen
AMAT,97,100,93,$219.8,$199.29,120.58%,20.25,15.22,9 years,98.0,88.0,https://www.stockscores.com/chart.asp?TickerSymbol=AMAT&TimeRange=180&Interval=d&Volume=1&ChartType=CandleStick&Stockscores=1&ChartWidth=1100&ChartHeight=480&LogScale=&Band=&avgType1=&movAvg1=&avgType2=&movAvg2=&Indicator1=None&Indicator2=None&Indicator3=None&Indicator4=None&endDate=&CompareWith=&entryPrice=&stopLossPrice=&candles=redgreen
AMZN,88,88,88,"$27,220.7",$226.35,23951.25%,73.32,17.05,3.48 years,98.0,84.0,https://www.stockscores.com/chart.asp?TickerSymbol=AMZN&TimeRange=180&Interval=d&Volume=1&ChartType=CandleStick&Stockscores=1&ChartWidth=1100&ChartHeight=480&LogScale=&Band=&avgType1=&movAvg1=&avgType2=&movAvg2=&Indicator1=None&Indicator2=None&Indicator3=None&Indicator4=None&endDate=&CompareWith=&entryPrice=&stopLossPrice=&candles=redgreen
ANET,100,100,100,"$1,502.74",$107.37,2697.80%,48.66,22.26,6.76 years,72.0,77.0,https://www.stockscores.com/chart.asp?TickerSymbol=ANET&TimeRange=180&Interval=d&Volume=1&ChartType=CandleStick&Stockscores=1&ChartWidth=1100&ChartHeight=480&LogScale=&Band=&avgType1=&movAvg1=&avgType2=&movAvg2=&Indicator1=None&Indicator2=None&Indicator3=None&Indicator4=None&endDate=&CompareWith=&entryPrice=&stopLossPrice=&candles=redgreen
APH,95,90,100,$31.17,$99.44,-37.31%,14.29,10.95,14.67 years,63.0,79.0,https://www.stockscores.com/chart.asp?TickerSymbol=APH&TimeRange=180&Interval=d&Volume=1&ChartType=CandleStick&Stockscores=1&ChartWidth=1100&ChartHeight=480&LogScale=&Band=&avgType1=&movAvg1=&avgType2=&movAvg2=&Indicator1=None&Indicator2=None&Indicator3=None&Indicator4=None&endDate=&CompareWith=&entryPrice=&stopLossPrice=&candles=redgreen
APP,83,75,90,$353.83,$352.96,100.49%,25.89,0.0,8.71 years,57.0,55.0,https://www.stockscores.com/chart.asp?TickerSymbol=APP&TimeRange=180&Interval=d&Volume=1&ChartType=CandleStick&Stockscores=1&ChartWidth=1100&ChartHeight=480&LogScale=&Band=&avgType1=&movAvg1=&avgType2=&movAvg2=&Indicator1=None&Indicator2=None&Indicator3=None&Indicator4=None&endDate=&CompareWith=&entryPrice=&stopLossPrice=&candles=redgreen
ASML,94,100,88,$824.53,$823.02,100.37%,21.5,19.05,10.27 years,98.0,81.0,https://www.stockscores.com/chart.asp?TickerSymbol=ASML&TimeRange=180&Interval=d&Volume=1&ChartType=CandleStick&Stockscores=1&ChartWidth=1100&ChartHeight=480&LogScale=&Band=&avgType1=&movAvg1=&avgType2=&movAvg2=&Indicator1=None&Indicator2=None&Indicator3=None&Indicator4=None&endDate=&CompareWith=&entryPrice=&stopLossPrice=&candles=redgreen
ASR,100,100,100,"$40,132.25",$305.24,26195.37%,28.74,10.55,0.69 years,40.0,47.0,https://www.stockscores.com/chart.asp?TickerSymbol=ASR&TimeRange=180&Interval=d&Volume=1&ChartType=CandleStick&Stockscores=1&ChartWidth=1100&ChartHeight=480&LogScale=&Band=&avgType1=&movAvg1=&avgType2=&movAvg2=&Indicator1=None&Indicator2=None&Indicator3=None&Indicator4=None&endDate=&CompareWith=&entryPrice=&stopLossPrice=&candles=redgreen
ATAT,93,95,90,"$1,982,873.19",$35.93,10932.56%,144.04,0.0,0.94 years,77.0,80.0,https://www.stockscores.com/chart.asp?TickerSymbol=ATAT&TimeRange=180&Interval=d&Volume=1&ChartType=CandleStick&Stockscores=1&ChartWidth=1100&ChartHeight=480&LogScale=&Band=&avgType1=&movAvg1=&avgType2=&movAvg2=&Indicator1=None&Indicator2=None&Indicator3=None&Indicator4=None&endDate=&CompareWith=&entryPrice=&stopLossPrice=&candles=redgreen
BLD,93,85,100,"$1,877.66",$356.97,951.63%,32.65,17.7,6.06 years,74.0,70.0,https://www.stockscores.com/chart.asp?TickerSymbol=BLD&TimeRange=180&Interval=d&Volume=1&ChartType=CandleStick&Stockscores=1&ChartWidth=1100&ChartHeight=480&LogScale=&Band=&avgType1=&movAvg1=&avgType2=&movAvg2=&Indicator1=None&Indicator2=None&Indicator3=None&Indicator4=None&endDate=&CompareWith=&entryPrice=&stopLossPrice=&candles=redgreen
BMI,99,100,98,$86.56,$237.68,-27.16%,13.72,13.55,13.85 years,24.0,54.0,https://www.stockscores.com/chart.asp?TickerSymbol=BMI&TimeRange=180&Interval=d&Volume=1&ChartType=CandleStick&Stockscores=1&ChartWidth=1100&ChartHeight=480&LogScale=&Band=&avgType1=&movAvg1=&avgType2=&movAvg2=&Indicator1=None&Indicator2=None&Indicator3=None&Indicator4=None&endDate=&CompareWith=&entryPrice=&stopLossPrice=&candles=redgreen
BOOT,93,95,91,"$2,002.05",$163.48,2349.23%,45.92,15.46,7.67 years,71.0,76.0,https://www.stockscores.com/chart.asp?TickerSymbol=BOOT&TimeRange=180&Interval=d&Volume=1&ChartType=CandleStick&Stockscores=1&ChartWidth=1100&ChartHeight=480&LogScale=&Band=&avgType1=&movAvg1=&avgType2=&movAvg2=&Indicator1=None&Indicator2=None&Indicator3=None&Indicator4=None&endDate=&CompareWith=&entryPrice=&stopLossPrice=&candles=redgreen
CAMT,96,98,95,"$55,381,784.72",$90.95,121683.40%,256.79,18.03,3.46 years,98.0,77.0,https://www.stockscores.com/chart.asp?TickerSymbol=CAMT&TimeRange=180&Interval=d&Volume=1&ChartType=CandleStick&Stockscores=1&ChartWidth=1100&ChartHeight=480&LogScale=&Band=&avgType1=&movAvg1=&avgType2=&movAvg2=&Indicator1=None&Indicator2=None&Indicator3=None&Indicator4=None&endDate=&CompareWith=&entryPrice=&stopLossPrice=&candles=redgreen
CGTL,100,100,100,$0.29,$1.01,-42.57%,,,,,,https://www.stockscores.com/chart.asp?TickerSymbol=CGTL&TimeRange=180&Interval=d&Volume=1&ChartType=CandleStick&Stockscores=1&ChartWidth=1100&ChartHeight=480&LogScale=&Band=&avgType1=&movAvg1=&avgType2=&movAvg2=&Indicator1=None&Indicator2=None&Indicator3=None&Indicator4=None&endDate=&CompareWith=&entryPrice=&stopLossPrice=&candles=redgreen
CMG,100,100,100,$139.45,$53.95,416.96%,31.73,15.88,8.18 years,49.0,67.0,https://www.stockscores.com/chart.asp?TickerSymbol=CMG&TimeRange=180&Interval=d&Volume=1&ChartType=CandleStick&Stockscores=1&ChartWidth=1100&ChartHeight=480&LogScale=&Band=&avgType1=&movAvg1=&avgType2=&movAvg2=&Indicator1=None&Indicator2=None&Indicator3=None&Indicator4=None&endDate=&CompareWith=&entryPrice=&stopLossPrice=&candles=redgreen
COST,88,90,85,$257.56,$967.68,-46.77%,12.54,11.04,16.91 years,15.0,37.0,https://www.stockscores.com/chart.asp?TickerSymbol=COST&TimeRange=180&Interval=d&Volume=1&ChartType=CandleStick&Stockscores=1&ChartWidth=1100&ChartHeight=480&LogScale=&Band=&avgType1=&movAvg1=&avgType2=&movAvg2=&Indicator1=None&Indicator2=None&Indicator3=None&Indicator4=None&endDate=&CompareWith=&entryPrice=&stopLossPrice=&candles=redgreen
CPRT,100,100,100,$61.06,$45.9,166.06%,22.14,16.28,11.24 years,2.0,21.0,https://www.stockscores.com/chart.asp?TickerSymbol=CPRT&TimeRange=180&Interval=d&Volume=1&ChartType=CandleStick&Stockscores=1&ChartWidth=1100&ChartHeight=480&LogScale=&Band=&avgType1=&movAvg1=&avgType2=&movAvg2=&Indicator1=None&Indicator2=None&Indicator3=None&Indicator4=None&endDate=&CompareWith=&entryPrice=&stopLossPrice=&candles=redgreen
CTAS,92,90,93,$59.04,$213.24,-44.63%,12.25,8.16,16.29 years,39.0,53.0,https://www.stockscores.com/chart.asp?TickerSymbol=CTAS&TimeRange=180&Interval=d&Volume=1&ChartType=CandleStick&Stockscores=1&ChartWidth=1100&ChartHeight=480&LogScale=&Band=&avgType1=&movAvg1=&avgType2=&movAvg2=&Indicator1=None&Indicator2=None&Indicator3=None&Indicator4=None&endDate=&CompareWith=&entryPrice=&stopLossPrice=&candles=redgreen
CVCO,100,100,100,"$1,699.38",$432.87,684.99%,30.04,15.36,6.81 years,16.0,41.0,https://www.stockscores.com/chart.asp?TickerSymbol=CVCO&TimeRange=180&Interval=d&Volume=1&ChartType=CandleStick&Stockscores=1&ChartWidth=1100&ChartHeight=480&LogScale=&Band=&avgType1=&movAvg1=&avgType2=&movAvg2=&Indicator1=None&Indicator2=None&Indicator3=None&Indicator4=None&endDate=&CompareWith=&entryPrice=&stopLossPrice=&candles=redgreen
DECK,100,100,100,"$14,521.04",$95.32,30367.90%,64.39,20.98,2.02 years,2.0,27.0,https://www.stockscores.com/chart.asp?TickerSymbol=DECK&TimeRange=180&Interval=d&Volume=1&ChartType=CandleStick&Stockscores=1&ChartWidth=1100&ChartHeight=480&LogScale=&Band=&avgType1=&movAvg1=&avgType2=&movAvg2=&Indicator1=None&Indicator2=None&Indicator3=None&Indicator4=None&endDate=&CompareWith=&entryPrice=&stopLossPrice=&candles=redgreen
DLO,100,100,100,$822.01,$10.98,14872.86%,60.62,0.0,4.26 years,59.0,62.0,https://www.stockscores.com/chart.asp?TickerSymbol=DLO&TimeRange=180&Interval=d&Volume=1&ChartType=CandleStick&Stockscores=1&ChartWidth=1100&ChartHeight=480&LogScale=&Band=&avgType1=&movAvg1=&avgType2=&movAvg2=&Indicator1=None&Indicator2=None&Indicator3=None&Indicator4=None&endDate=&CompareWith=&entryPrice=&stopLossPrice=&candles=redgreen
DOCS,95,100,90,"$6,022,795.28",$62.05,19310.15%,273.48,0.0,2.67 years,55.0,63.0,https://www.stockscores.com/chart.asp?TickerSymbol=DOCS&TimeRange=180&Interval=d&Volume=1&ChartType=CandleStick&Stockscores=1&ChartWidth=1100&ChartHeight=480&LogScale=&Band=&avgType1=&movAvg1=&avgType2=&movAvg2=&Indicator1=None&Indicator2=None&Indicator3=None&Indicator4=None&endDate=&CompareWith=&entryPrice=&stopLossPrice=&candles=redgreen
DQ,94,100,88,$0,$19.73,-100.00%,14466.71,34.33,Infinity years,55.0,60.0,https://www.stockscores.com/chart.asp?TickerSymbol=DQ&TimeRange=180&Interval=d&Volume=1&ChartType=CandleStick&Stockscores=1&ChartWidth=1100&ChartHeight=480&LogScale=&Band=&avgType1=&movAvg1=&avgType2=&movAvg2=&Indicator1=None&Indicator2=None&Indicator3=None&Indicator4=None&endDate=&CompareWith=&entryPrice=&stopLossPrice=&candles=redgreen
DXST,100,100,100,$0.29,$1.18,-50.85%,,,,,,https://www.stockscores.com/chart.asp?TickerSymbol=DXST&TimeRange=180&Interval=d&Volume=1&ChartType=CandleStick&Stockscores=1&ChartWidth=1100&ChartHeight=480&LogScale=&Band=&avgType1=&movAvg1=&avgType2=&movAvg2=&Indicator1=None&Indicator2=None&Indicator3=None&Indicator4=None&endDate=&CompareWith=&entryPrice=&stopLossPrice=&candles=redgreen
EME,93,93,93,$881.11,$549.76,220.54%,21.85,13.77,6.65 years,72.0,84.0,https://www.stockscores.com/chart.asp?TickerSymbol=EME&TimeRange=180&Interval=d&Volume=1&ChartType=CandleStick&Stockscores=1&ChartWidth=1100&ChartHeight=480&LogScale=&Band=&avgType1=&movAvg1=&avgType2=&movAvg2=&Indicator1=None&Indicator2=None&Indicator3=None&Indicator4=None&endDate=&CompareWith=&entryPrice=&stopLossPrice=&candles=redgreen
ENSG,90,90,90,$217.95,$141.18,208.75%,23.75,11.81,8.05 years,60.0,62.0,https://www.stockscores.com/chart.asp?TickerSymbol=ENSG&TimeRange=180&Interval=d&Volume=1&ChartType=CandleStick&Stockscores=1&ChartWidth=1100&ChartHeight=480&LogScale=&Band=&avgType1=&movAvg1=&avgType2=&movAvg2=&Indicator1=None&Indicator2=None&Indicator3=None&Indicator4=None&endDate=&CompareWith=&entryPrice=&stopLossPrice=&candles=redgreen
ESQ,90,80,100,$492.45,$95.62,930.01%,33.18,20.59,5.64 years,47.0,75.0,https://www.stockscores.com/chart.asp?TickerSymbol=ESQ&TimeRange=180&Interval=d&Volume=1&ChartType=CandleStick&Stockscores=1&ChartWidth=1100&ChartHeight=480&LogScale=&Band=&avgType1=&movAvg1=&avgType2=&movAvg2=&Indicator1=None&Indicator2=None&Indicator3=None&Indicator4=None&endDate=&CompareWith=&entryPrice=&stopLossPrice=&candles=redgreen
EXLS,97,95,98,$25.55,$41.4,23.43%,14.23,13.91,10.56 years,3.0,33.0,https://www.stockscores.com/chart.asp?TickerSymbol=EXLS&TimeRange=180&Interval=d&Volume=1&ChartType=CandleStick&Stockscores=1&ChartWidth=1100&ChartHeight=480&LogScale=&Band=&avgType1=&movAvg1=&avgType2=&movAvg2=&Indicator1=None&Indicator2=None&Indicator3=None&Indicator4=None&endDate=&CompareWith=&entryPrice=&stopLossPrice=&candles=redgreen
FIHL,93,90,95,$55.86,$15.75,609.33%,258.88,0.0,Infinity years,40.0,43.0,https://www.stockscores.com/chart.asp?TickerSymbol=FIHL&TimeRange=180&Interval=d&Volume=1&ChartType=CandleStick&Stockscores=1&ChartWidth=1100&ChartHeight=480&LogScale=&Band=&avgType1=&movAvg1=&avgType2=&movAvg2=&Indicator1=None&Indicator2=None&Indicator3=None&Indicator4=None&endDate=&CompareWith=&entryPrice=&stopLossPrice=&candles=redgreen
FIX,99,98,100,"$1,040.53",$539.02,285.89%,29.34,22.23,7.39 years,63.0,79.0,https://www.stockscores.com/chart.asp?TickerSymbol=FIX&TimeRange=180&Interval=d&Volume=1&ChartType=CandleStick&Stockscores=1&ChartWidth=1100&ChartHeight=480&LogScale=&Band=&avgType1=&movAvg1=&avgType2=&movAvg2=&Indicator1=None&Indicator2=None&Indicator3=None&Indicator4=None&endDate=&CompareWith=&entryPrice=&stopLossPrice=&candles=redgreen
FN,100,100,100,$286.65,$301.47,90.17%,22.59,13.34,11.7 years,87.0,73.0,https://www.stockscores.com/chart.asp?TickerSymbol=FN&TimeRange=180&Interval=d&Volume=1&ChartType=CandleStick&Stockscores=1&ChartWidth=1100&ChartHeight=480&LogScale=&Band=&avgType1=&movAvg1=&avgType2=&movAvg2=&Indicator1=None&Indicator2=None&Indicator3=None&Indicator4=None&endDate=&CompareWith=&entryPrice=&stopLossPrice=&candles=redgreen
FND,88,90,85,$604.28,$78.67,1436.24%,44.16,16.8,12.18 years,53.0,59.0,https://www.stockscores.com/chart.asp?TickerSymbol=FND&TimeRange=180&Interval=d&Volume=1&ChartType=CandleStick&Stockscores=1&ChartWidth=1100&ChartHeight=480&LogScale=&Band=&avgType1=&movAvg1=&avgType2=&movAvg2=&Indicator1=None&Indicator2=None&Indicator3=None&Indicator4=None&endDate=&CompareWith=&entryPrice=&stopLossPrice=&candles=redgreen
FSS,94,93,95,$83.4,$107.01,55.87%,18.98,9.04,11.41 years,62.0,81.0,https://www.stockscores.com/chart.asp?TickerSymbol=FSS&TimeRange=180&Interval=d&Volume=1&ChartType=CandleStick&Stockscores=1&ChartWidth=1100&ChartHeight=480&LogScale=&Band=&avgType1=&movAvg1=&avgType2=&movAvg2=&Indicator1=None&Indicator2=None&Indicator3=None&Indicator4=None&endDate=&CompareWith=&entryPrice=&stopLossPrice=&candles=redgreen
FTLF,93,90,95,$257.65,$13.19,3806.75%,40.01,24.82,5.5 years,39.0,38.0,https://www.stockscores.com/chart.asp?TickerSymbol=FTLF&TimeRange=180&Interval=d&Volume=1&ChartType=CandleStick&Stockscores=1&ChartWidth=1100&ChartHeight=480&LogScale=&Band=&avgType1=&movAvg1=&avgType2=&movAvg2=&Indicator1=None&Indicator2=None&Indicator3=None&Indicator4=None&endDate=&CompareWith=&entryPrice=&stopLossPrice=&candles=redgreen
FUFU,95,90,100,$0,$3.63,-100.00%,,,,40.0,47.0,https://www.stockscores.com/chart.asp?TickerSymbol=FUFU&TimeRange=180&Interval=d&Volume=1&ChartType=CandleStick&Stockscores=1&ChartWidth=1100&ChartHeight=480&LogScale=&Band=&avgType1=&movAvg1=&avgType2=&movAvg2=&Indicator1=None&Indicator2=None&Indicator3=None&Indicator4=None&endDate=&CompareWith=&entryPrice=&stopLossPrice=&candles=redgreen
GCT,95,100,90,"$91,663.48",$20.26,904766.73%,152.15,0.0,1.75 years,61.0,71.0,https://www.stockscores.com/chart.asp?TickerSymbol=GCT&TimeRange=180&Interval=d&Volume=1&ChartType=CandleStick&Stockscores=1&ChartWidth=1100&ChartHeight=480&LogScale=&Band=&avgType1=&movAvg1=&avgType2=&movAvg2=&Indicator1=None&Indicator2=None&Indicator3=None&Indicator4=None&endDate=&CompareWith=&entryPrice=&stopLossPrice=&candles=redgreen
GIT,100,100,100,$2.77,$0,,,,,,,
GMAB,100,100,100,"$20,533.3",$21.15,194065.48%,56.24,40.43,0.96 years,64.0,61.0,https://www.stockscores.com/chart.asp?TickerSymbol=GMAB&TimeRange=180&Interval=d&Volume=1&ChartType=CandleStick&Stockscores=1&ChartWidth=1100&ChartHeight=480&LogScale=&Band=&avgType1=&movAvg1=&avgType2=&movAvg2=&Indicator1=None&Indicator2=None&Indicator3=None&Indicator4=None&endDate=&CompareWith=&entryPrice=&stopLossPrice=&candles=redgreen
GOOG,97,100,93,$263.48,$183.1,187.80%,19.7,19.65,8.11 years,98.0,79.0,https://www.stockscores.com/chart.asp?TickerSymbol=GOOG&TimeRange=180&Interval=d&Volume=1&ChartType=CandleStick&Stockscores=1&ChartWidth=1100&ChartHeight=480&LogScale=&Band=&avgType1=&movAvg1=&avgType2=&movAvg2=&Indicator1=None&Indicator2=None&Indicator3=None&Indicator4=None&endDate=&CompareWith=&entryPrice=&stopLossPrice=&candles=redgreen
GOOGL,97,100,93,$262.06,$182,187.98%,19.66,19.65,8.09 years,98.0,80.0,https://www.stockscores.com/chart.asp?TickerSymbol=GOOGL&TimeRange=180&Interval=d&Volume=1&ChartType=CandleStick&Stockscores=1&ChartWidth=1100&ChartHeight=480&LogScale=&Band=&avgType1=&movAvg1=&avgType2=&movAvg2=&Indicator1=None&Indicator2=None&Indicator3=None&Indicator4=None&endDate=&CompareWith=&entryPrice=&stopLossPrice=&candles=redgreen
GRMN,95,100,90,$83.68,$216.14,-22.57%,12.01,10.41,13.86 years,59.0,63.0,https://www.stockscores.com/chart.asp?TickerSymbol=GRMN&TimeRange=180&Interval=d&Volume=1&ChartType=CandleStick&Stockscores=1&ChartWidth=1100&ChartHeight=480&LogScale=&Band=&avgType1=&movAvg1=&avgType2=&movAvg2=&Indicator1=None&Indicator2=None&Indicator3=None&Indicator4=None&endDate=&CompareWith=&entryPrice=&stopLossPrice=&candles=redgreen
HAO,100,100,100,$0,$1.44,-100.00%,,,,54.0,44.0,https://www.stockscores.com/chart.asp?TickerSymbol=HAO&TimeRange=180&Interval=d&Volume=1&ChartType=CandleStick&Stockscores=1&ChartWidth=1100&ChartHeight=480&LogScale=&Band=&avgType1=&movAvg1=&avgType2=&movAvg2=&Indicator1=None&Indicator2=None&Indicator3=None&Indicator4=None&endDate=&CompareWith=&entryPrice=&stopLossPrice=&candles=redgreen
IBKR,90,80,100,"$1,010.58",$59.63,3287.56%,32.86,20.84,2.04 years,98.0,83.0,https://www.stockscores.com/chart.asp?TickerSymbol=IBKR&TimeRange=180&Interval=d&Volume=1&ChartType=CandleStick&Stockscores=1&ChartWidth=1100&ChartHeight=480&LogScale=&Band=&avgType1=&movAvg1=&avgType2=&movAvg2=&Indicator1=None&Indicator2=None&Indicator3=None&Indicator4=None&endDate=&CompareWith=&entryPrice=&stopLossPrice=&candles=redgreen
IDXX,90,90,90,"$37,878.07",$526.66,14284.23%,77.62,11.4,5.65 years,48.0,73.0,https://www.stockscores.com/chart.asp?TickerSymbol=IDXX&TimeRange=180&Interval=d&Volume=1&ChartType=CandleStick&Stockscores=1&ChartWidth=1100&ChartHeight=480&LogScale=&Band=&avgType1=&movAvg1=&avgType2=&movAvg2=&Indicator1=None&Indicator2=None&Indicator3=None&Indicator4=None&endDate=&CompareWith=&entryPrice=&stopLossPrice=&candles=redgreen
IESC,98,95,100,"$17,601.06",$302.7,11529.34%,66.43,22.95,5.54 years,71.0,79.0,https://www.stockscores.com/chart.asp?TickerSymbol=IESC&TimeRange=180&Interval=d&Volume=1&ChartType=CandleStick&Stockscores=1&ChartWidth=1100&ChartHeight=480&LogScale=&Band=&avgType1=&movAvg1=&avgType2=&movAvg2=&Indicator1=None&Indicator2=None&Indicator3=None&Indicator4=None&endDate=&CompareWith=&entryPrice=&stopLossPrice=&candles=redgreen
INHI,95,90,100,$0.17,$0,,,,,,,
INTU,99,98,100,$541.07,$745.95,45.07%,22.84,17.41,10.02 years,60.0,68.0,https://www.stockscores.com/chart.asp?TickerSymbol=INTU&TimeRange=180&Interval=d&Volume=1&ChartType=CandleStick&Stockscores=1&ChartWidth=1100&ChartHeight=480&LogScale=&Band=&avgType1=&movAvg1=&avgType2=&movAvg2=&Indicator1=None&Indicator2=None&Indicator3=None&Indicator4=None&endDate=&CompareWith=&entryPrice=&stopLossPrice=&candles=redgreen
IPAR,94,93,95,$138.65,$131.28,111.23%,19.02,14.36,14.86 years,45.0,66.0,https://www.stockscores.com/chart.asp?TickerSymbol=IPAR&TimeRange=180&Interval=d&Volume=1&ChartType=CandleStick&Stockscores=1&ChartWidth=1100&ChartHeight=480&LogScale=&Band=&avgType1=&movAvg1=&avgType2=&movAvg2=&Indicator1=None&Indicator2=None&Indicator3=None&Indicator4=None&endDate=&CompareWith=&entryPrice=&stopLossPrice=&candles=redgreen
IRMD,100,100,100,"$4,954.35",$57.83,17032.98%,68.81,13.75,4.57 years,58.0,67.0,https://www.stockscores.com/chart.asp?TickerSymbol=IRMD&TimeRange=180&Interval=d&Volume=1&ChartType=CandleStick&Stockscores=1&ChartWidth=1100&ChartHeight=480&LogScale=&Band=&avgType1=&movAvg1=&avgType2=&movAvg2=&Indicator1=None&Indicator2=None&Indicator3=None&Indicator4=None&endDate=&CompareWith=&entryPrice=&stopLossPrice=&candles=redgreen
KLAC,94,90,98,$952.52,$936.53,103.41%,20.94,20.06,9.69 years,98.0,84.0,https://www.stockscores.com/chart.asp?TickerSymbol=KLAC&TimeRange=180&Interval=d&Volume=1&ChartType=CandleStick&Stockscores=1&ChartWidth=1100&ChartHeight=480&LogScale=&Band=&avgType1=&movAvg1=&avgType2=&movAvg2=&Indicator1=None&Indicator2=None&Indicator3=None&Indicator4=None&endDate=&CompareWith=&entryPrice=&stopLossPrice=&candles=redgreen
KNSL,95,90,100,"$4,456",$476.89,1768.77%,38.88,38.62,3.97 years,54.0,79.0,https://www.stockscores.com/chart.asp?TickerSymbol=KNSL&TimeRange=180&Interval=d&Volume=1&ChartType=CandleStick&Stockscores=1&ChartWidth=1100&ChartHeight=480&LogScale=&Band=&avgType1=&movAvg1=&avgType2=&movAvg2=&Indicator1=None&Indicator2=None&Indicator3=None&Indicator4=None&endDate=&CompareWith=&entryPrice=&stopLossPrice=&candles=redgreen
KSPI,100,100,100,"$107,527,986.7",$84.08,255673.07%,132.91,0.0,,66.0,36.0,https://www.stockscores.com/chart.asp?TickerSymbol=KSPI&TimeRange=180&Interval=d&Volume=1&ChartType=CandleStick&Stockscores=1&ChartWidth=1100&ChartHeight=480&LogScale=&Band=&avgType1=&movAvg1=&avgType2=&movAvg2=&Indicator1=None&Indicator2=None&Indicator3=None&Indicator4=None&endDate=&CompareWith=&entryPrice=&stopLossPrice=&candles=redgreen
LII,85,85,85,"$2,135.81",$604.22,606.70%,35.74,8.69,7.05 years,58.0,55.0,https://www.stockscores.com/chart.asp?TickerSymbol=LII&TimeRange=180&Interval=d&Volume=1&ChartType=CandleStick&Stockscores=1&ChartWidth=1100&ChartHeight=480&LogScale=&Band=&avgType1=&movAvg1=&avgType2=&movAvg2=&Indicator1=None&Indicator2=None&Indicator3=None&Indicator4=None&endDate=&CompareWith=&entryPrice=&stopLossPrice=&candles=redgreen
LNTH,86,88,85,"$17,628.62",$81.26,43286.66%,75.08,19.61,3.47 years,53.0,52.0,https://www.stockscores.com/chart.asp?TickerSymbol=LNTH&TimeRange=180&Interval=d&Volume=1&ChartType=CandleStick&Stockscores=1&ChartWidth=1100&ChartHeight=480&LogScale=&Band=&avgType1=&movAvg1=&avgType2=&movAvg2=&Indicator1=None&Indicator2=None&Indicator3=None&Indicator4=None&endDate=&CompareWith=&entryPrice=&stopLossPrice=&candles=redgreen
LOBO,93,85,100,$0,$0.56,-100.00%,,,,45.0,37.0,https://www.stockscores.com/chart.asp?TickerSymbol=LOBO&TimeRange=180&Interval=d&Volume=1&ChartType=CandleStick&Stockscores=1&ChartWidth=1100&ChartHeight=480&LogScale=&Band=&avgType1=&movAvg1=&avgType2=&movAvg2=&Indicator1=None&Indicator2=None&Indicator3=None&Indicator4=None&endDate=&CompareWith=&entryPrice=&stopLossPrice=&candles=redgreen
LULU,100,100,100,$820.96,$222.19,638.97%,24.75,23.3,6.79 years,2.0,33.0,https://www.stockscores.com/chart.asp?TickerSymbol=LULU&TimeRange=180&Interval=d&Volume=1&ChartType=CandleStick&Stockscores=1&ChartWidth=1100&ChartHeight=480&LogScale=&Band=&avgType1=&movAvg1=&avgType2=&movAvg2=&Indicator1=None&Indicator2=None&Indicator3=None&Indicator4=None&endDate=&CompareWith=&entryPrice=&stopLossPrice=&candles=redgreen
MA,99,100,98,$201.74,$550.36,-26.69%,12.15,13.04,14.21 years,38.0,54.0,https://www.stockscores.com/chart.asp?TickerSymbol=MA&TimeRange=180&Interval=d&Volume=1&ChartType=CandleStick&Stockscores=1&ChartWidth=1100&ChartHeight=480&LogScale=&Band=&avgType1=&movAvg1=&avgType2=&movAvg2=&Indicator1=None&Indicator2=None&Indicator3=None&Indicator4=None&endDate=&CompareWith=&entryPrice=&stopLossPrice=&candles=redgreen
MANH,94,100,88,$60.9,$196.16,-37.91%,10.21,11.95,16.11 years,67.0,81.0,https://www.stockscores.com/chart.asp?TickerSymbol=MANH&TimeRange=180&Interval=d&Volume=1&ChartType=CandleStick&Stockscores=1&ChartWidth=1100&ChartHeight=480&LogScale=&Band=&avgType1=&movAvg1=&avgType2=&movAvg2=&Indicator1=None&Indicator2=None&Indicator3=None&Indicator4=None&endDate=&CompareWith=&entryPrice=&stopLossPrice=&candles=redgreen
MEDP,100,100,100,"$1,080.2",$312.71,590.74%,28.08,24.1,6.9 years,56.0,63.0,https://www.stockscores.com/chart.asp?TickerSymbol=MEDP&TimeRange=180&Interval=d&Volume=1&ChartType=CandleStick&Stockscores=1&ChartWidth=1100&ChartHeight=480&LogScale=&Band=&avgType1=&movAvg1=&avgType2=&movAvg2=&Indicator1=None&Indicator2=None&Indicator3=None&Indicator4=None&endDate=&CompareWith=&entryPrice=&stopLossPrice=&candles=redgreen
META,100,100,100,"$2,889.01",$710.39,713.36%,30.91,20.85,7.38 years,54.0,68.0,https://www.stockscores.com/chart.asp?TickerSymbol=META&TimeRange=180&Interval=d&Volume=1&ChartType=CandleStick&Stockscores=1&ChartWidth=1100&ChartHeight=480&LogScale=&Band=&avgType1=&movAvg1=&avgType2=&movAvg2=&Indicator1=None&Indicator2=None&Indicator3=None&Indicator4=None&endDate=&CompareWith=&entryPrice=&stopLossPrice=&candles=redgreen
MNST,94,100,88,$23.76,$58.94,-19.38%,14.52,14.01,13.76 years,40.0,54.0,https://www.stockscores.com/chart.asp?TickerSymbol=MNST&TimeRange=180&Interval=d&Volume=1&ChartType=CandleStick&Stockscores=1&ChartWidth=1100&ChartHeight=480&LogScale=&Band=&avgType1=&movAvg1=&avgType2=&movAvg2=&Indicator1=None&Indicator2=None&Indicator3=None&Indicator4=None&endDate=&CompareWith=&entryPrice=&stopLossPrice=&candles=redgreen
MORN,89,85,93,$191.41,$286.48,33.63%,12.71,14.89,10.23 years,40.0,54.0,https://www.stockscores.com/chart.asp?TickerSymbol=MORN&TimeRange=180&Interval=d&Volume=1&ChartType=CandleStick&Stockscores=1&ChartWidth=1100&ChartHeight=480&LogScale=&Band=&avgType1=&movAvg1=&avgType2=&movAvg2=&Indicator1=None&Indicator2=None&Indicator3=None&Indicator4=None&endDate=&CompareWith=&entryPrice=&stopLossPrice=&candles=redgreen
MPTI,100,100,100,$28.22,$38.68,45.92%,,,,18.0,43.0,https://www.stockscores.com/chart.asp?TickerSymbol=MPTI&TimeRange=180&Interval=d&Volume=1&ChartType=CandleStick&Stockscores=1&ChartWidth=1100&ChartHeight=480&LogScale=&Band=&avgType1=&movAvg1=&avgType2=&movAvg2=&Indicator1=None&Indicator2=None&Indicator3=None&Indicator4=None&endDate=&CompareWith=&entryPrice=&stopLossPrice=&candles=redgreen
MPWR,100,100,100,"$7,221.52",$717.62,1912.49%,36.0,25.22,5.84 years,48.0,66.0,https://www.stockscores.com/chart.asp?TickerSymbol=MPWR&TimeRange=180&Interval=d&Volume=1&ChartType=CandleStick&Stockscores=1&ChartWidth=1100&ChartHeight=480&LogScale=&Band=&avgType1=&movAvg1=&avgType2=&movAvg2=&Indicator1=None&Indicator2=None&Indicator3=None&Indicator4=None&endDate=&CompareWith=&entryPrice=&stopLossPrice=&candles=redgreen
MSFT,99,100,98,$282.39,$505.82,11.66%,17.54,15.02,11.07 years,98.0,84.0,https://www.stockscores.com/chart.asp?TickerSymbol=MSFT&TimeRange=180&Interval=d&Volume=1&ChartType=CandleStick&Stockscores=1&ChartWidth=1100&ChartHeight=480&LogScale=&Band=&avgType1=&movAvg1=&avgType2=&movAvg2=&Indicator1=None&Indicator2=None&Indicator3=None&Indicator4=None&endDate=&CompareWith=&entryPrice=&stopLossPrice=&candles=redgreen
NSSC,99,100,98,$142.19,$30.2,841.66%,31.2,12.92,7.74 years,72.0,79.0,https://www.stockscores.com/chart.asp?TickerSymbol=NSSC&TimeRange=180&Interval=d&Volume=1&ChartType=CandleStick&Stockscores=1&ChartWidth=1100&ChartHeight=480&LogScale=&Band=&avgType1=&movAvg1=&avgType2=&movAvg2=&Indicator1=None&Indicator2=None&Indicator3=None&Indicator4=None&endDate=&CompareWith=&entryPrice=&stopLossPrice=&candles=redgreen
NTES,98,100,95,"$2,303.09",$133.13,3359.78%,24.45,7.22,1.68 years,68.0,66.0,https://www.stockscores.com/chart.asp?TickerSymbol=NTES&TimeRange=180&Interval=d&Volume=1&ChartType=CandleStick&Stockscores=1&ChartWidth=1100&ChartHeight=480&LogScale=&Band=&avgType1=&movAvg1=&avgType2=&movAvg2=&Indicator1=None&Indicator2=None&Indicator3=None&Indicator4=None&endDate=&CompareWith=&entryPrice=&stopLossPrice=&candles=redgreen
NVDA,100,100,100,"$7,444",$170.7,8621.73%,64.99,62.26,6.22 years,98.0,90.0,https://www.stockscores.com/chart.asp?TickerSymbol=NVDA&TimeRange=180&Interval=d&Volume=1&ChartType=CandleStick&Stockscores=1&ChartWidth=1100&ChartHeight=480&LogScale=&Band=&avgType1=&movAvg1=&avgType2=&movAvg2=&Indicator1=None&Indicator2=None&Indicator3=None&Indicator4=None&endDate=&CompareWith=&entryPrice=&stopLossPrice=&candles=redgreen
NVMI,100,100,100,"$5,370.85",$285.91,3656.43%,58.28,19.43,6.51 years,81.0,70.0,https://www.stockscores.com/chart.asp?TickerSymbol=NVMI&TimeRange=180&Interval=d&Volume=1&ChartType=CandleStick&Stockscores=1&ChartWidth=1100&ChartHeight=480&LogScale=&Band=&avgType1=&movAvg1=&avgType2=&movAvg2=&Indicator1=None&Indicator2=None&Indicator3=None&Indicator4=None&endDate=&CompareWith=&entryPrice=&stopLossPrice=&candles=redgreen
NVO,97,95,98,$340.45,$67.22,912.94%,14.78,17.68,2.51 years,12.0,45.0,https://www.stockscores.com/chart.asp?TickerSymbol=NVO&TimeRange=180&Interval=d&Volume=1&ChartType=CandleStick&Stockscores=1&ChartWidth=1100&ChartHeight=480&LogScale=&Band=&avgType1=&movAvg1=&avgType2=&movAvg2=&Indicator1=None&Indicator2=None&Indicator3=None&Indicator4=None&endDate=&CompareWith=&entryPrice=&stopLossPrice=&candles=redgreen
NYT,87,85,88,"$11,211.64",$54.37,41139.65%,77.93,7.21,4.07 years,35.0,68.0,https://www.stockscores.com/chart.asp?TickerSymbol=NYT&TimeRange=180&Interval=d&Volume=1&ChartType=CandleStick&Stockscores=1&ChartWidth=1100&ChartHeight=480&LogScale=&Band=&avgType1=&movAvg1=&avgType2=&movAvg2=&Indicator1=None&Indicator2=None&Indicator3=None&Indicator4=None&endDate=&CompareWith=&entryPrice=&stopLossPrice=&candles=redgreen
ODD,100,100,100,$29.61,$73.06,-18.94%,,,,70.0,68.0,https://www.stockscores.com/chart.asp?TickerSymbol=ODD&TimeRange=180&Interval=d&Volume=1&ChartType=CandleStick&Stockscores=1&ChartWidth=1100&ChartHeight=480&LogScale=&Band=&avgType1=&movAvg1=&avgType2=&movAvg2=&Indicator1=None&Indicator2=None&Indicator3=None&Indicator4=None&endDate=&CompareWith=&entryPrice=&stopLossPrice=&candles=redgreen
OLLI,88,90,85,$258.26,$123.13,319.49%,28.17,11.79,10.82 years,35.0,62.0,https://www.stockscores.com/chart.asp?TickerSymbol=OLLI&TimeRange=180&Interval=d&Volume=1&ChartType=CandleStick&Stockscores=1&ChartWidth=1100&ChartHeight=480&LogScale=&Band=&avgType1=&movAvg1=&avgType2=&movAvg2=&Indicator1=None&Indicator2=None&Indicator3=None&Indicator4=None&endDate=&CompareWith=&entryPrice=&stopLossPrice=&candles=redgreen
OMAB,93,90,95,"$6,266.29",$112.2,11069.34%,25.19,10.57,0.7 years,71.0,80.0,https://www.stockscores.com/chart.asp?TickerSymbol=OMAB&TimeRange=180&Interval=d&Volume=1&ChartType=CandleStick&Stockscores=1&ChartWidth=1100&ChartHeight=480&LogScale=&Band=&avgType1=&movAvg1=&avgType2=&movAvg2=&Indicator1=None&Indicator2=None&Indicator3=None&Indicator4=None&endDate=&CompareWith=&entryPrice=&stopLossPrice=&candles=redgreen
PAYC,95,90,100,"$2,666.84",$221.73,2304.73%,42.98,21.99,6.9 years,40.0,47.0,https://www.stockscores.com/chart.asp?TickerSymbol=PAYC&TimeRange=180&Interval=d&Volume=1&ChartType=CandleStick&Stockscores=1&ChartWidth=1100&ChartHeight=480&LogScale=&Band=&avgType1=&movAvg1=&avgType2=&movAvg2=&Indicator1=None&Indicator2=None&Indicator3=None&Indicator4=None&endDate=&CompareWith=&entryPrice=&stopLossPrice=&candles=redgreen
PGR,93,88,98,"$1,125.47",$242.2,828.98%,26.9,14.65,3.37 years,2.0,23.0,https://www.stockscores.com/chart.asp?TickerSymbol=PGR&TimeRange=180&Interval=d&Volume=1&ChartType=CandleStick&Stockscores=1&ChartWidth=1100&ChartHeight=480&LogScale=&Band=&avgType1=&movAvg1=&avgType2=&movAvg2=&Indicator1=None&Indicator2=None&Indicator3=None&Indicator4=None&endDate=&CompareWith=&entryPrice=&stopLossPrice=&candles=redgreen
PHM,97,100,93,$963.38,$108,1684.04%,37.54,17.31,4.47 years,65.0,73.0,https://www.stockscores.com/chart.asp?TickerSymbol=PHM&TimeRange=180&Interval=d&Volume=1&ChartType=CandleStick&Stockscores=1&ChartWidth=1100&ChartHeight=480&LogScale=&Band=&avgType1=&movAvg1=&avgType2=&movAvg2=&Indicator1=None&Indicator2=None&Indicator3=None&Indicator4=None&endDate=&CompareWith=&entryPrice=&stopLossPrice=&candles=redgreen
PJT,88,88,88,$202.09,$178.76,126.10%,-26.23,-2.55,,71.0,79.0,https://www.stockscores.com/chart.asp?TickerSymbol=PJT&TimeRange=180&Interval=d&Volume=1&ChartType=CandleStick&Stockscores=1&ChartWidth=1100&ChartHeight=480&LogScale=&Band=&avgType1=&movAvg1=&avgType2=&movAvg2=&Indicator1=None&Indicator2=None&Indicator3=None&Indicator4=None&endDate=&CompareWith=&entryPrice=&stopLossPrice=&candles=redgreen
PLAS,88,88,88,$202.09,$178.76,126.10%,-26.23,-2.55,,,,
PLUS,88,90,85,$352.8,$68.34,932.48%,38.88,6.65,7.2 years,45.0,53.0,https://www.stockscores.com/chart.asp?TickerSymbol=PLUS&TimeRange=180&Interval=d&Volume=1&ChartType=CandleStick&Stockscores=1&ChartWidth=1100&ChartHeight=480&LogScale=&Band=&avgType1=&movAvg1=&avgType2=&movAvg2=&Indicator1=None&Indicator2=None&Indicator3=None&Indicator4=None&endDate=&CompareWith=&entryPrice=&stopLossPrice=&candles=redgreen
POOL,85,85,85,$510.81,$292.13,249.71%,23.48,12.42,8.99 years,44.0,44.0,https://www.stockscores.com/chart.asp?TickerSymbol=POOL&TimeRange=180&Interval=d&Volume=1&ChartType=CandleStick&Stockscores=1&ChartWidth=1100&ChartHeight=480&LogScale=&Band=&avgType1=&movAvg1=&avgType2=&movAvg2=&Indicator1=None&Indicator2=None&Indicator3=None&Indicator4=None&endDate=&CompareWith=&entryPrice=&stopLossPrice=&candles=redgreen
PPLT,85,85,85,$510.81,$292.13,249.71%,23.48,12.42,8.99 years,68.0,76.0,https://www.stockscores.com/chart.asp?TickerSymbol=PPLT&TimeRange=180&Interval=d&Volume=1&ChartType=CandleStick&Stockscores=1&ChartWidth=1100&ChartHeight=480&LogScale=&Band=&avgType1=&movAvg1=&avgType2=&movAvg2=&Indicator1=None&Indicator2=None&Indicator3=None&Indicator4=None&endDate=&CompareWith=&entryPrice=&stopLossPrice=&candles=redgreen
PYPL,89,88,90,$106.38,$72.96,191.61%,15.21,15.76,6.31 years,59.0,66.0,https://www.stockscores.com/chart.asp?TickerSymbol=PYPL&TimeRange=180&Interval=d&Volume=1&ChartType=CandleStick&Stockscores=1&ChartWidth=1100&ChartHeight=480&LogScale=&Band=&avgType1=&movAvg1=&avgType2=&movAvg2=&Indicator1=None&Indicator2=None&Indicator3=None&Indicator4=None&endDate=&CompareWith=&entryPrice=&stopLossPrice=&candles=redgreen
QLYS,97,100,93,$306.29,$137.71,344.83%,25.71,16.01,6.15 years,59.0,68.0,https://www.stockscores.com/chart.asp?TickerSymbol=QLYS&TimeRange=180&Interval=d&Volume=1&ChartType=CandleStick&Stockscores=1&ChartWidth=1100&ChartHeight=480&LogScale=&Band=&avgType1=&movAvg1=&avgType2=&movAvg2=&Indicator1=None&Indicator2=None&Indicator3=None&Indicator4=None&endDate=&CompareWith=&entryPrice=&stopLossPrice=&candles=redgreen
RACE,92,90,93,"$2,429.81",$487.11,897.31%,41.76,11.21,9.14 years,37.0,62.0,https://www.stockscores.com/chart.asp?TickerSymbol=RACE&TimeRange=180&Interval=d&Volume=1&ChartType=CandleStick&Stockscores=1&ChartWidth=1100&ChartHeight=480&LogScale=&Band=&avgType1=&movAvg1=&avgType2=&movAvg2=&Indicator1=None&Indicator2=None&Indicator3=None&Indicator4=None&endDate=&CompareWith=&entryPrice=&stopLossPrice=&candles=redgreen
RAY,100,100,100,$5.11,$2.17,370.97%,,,,57.0,61.0,https://www.stockscores.com/chart.asp?TickerSymbol=RAY&TimeRange=180&Interval=d&Volume=1&ChartType=CandleStick&Stockscores=1&ChartWidth=1100&ChartHeight=480&LogScale=&Band=&avgType1=&movAvg1=&avgType2=&movAvg2=&Indicator1=None&Indicator2=None&Indicator3=None&Indicator4=None&endDate=&CompareWith=&entryPrice=&stopLossPrice=&candles=redgreen
RLI,92,90,93,$90.37,$69.89,158.61%,19.8,13.73,6.95 years,16.0,25.0,https://www.stockscores.com/chart.asp?TickerSymbol=RLI&TimeRange=180&Interval=d&Volume=1&ChartType=CandleStick&Stockscores=1&ChartWidth=1100&ChartHeight=480&LogScale=&Band=&avgType1=&movAvg1=&avgType2=&movAvg2=&Indicator1=None&Indicator2=None&Indicator3=None&Indicator4=None&endDate=&CompareWith=&entryPrice=&stopLossPrice=&candles=redgreen
RMD,100,100,100,$145.54,$252.01,15.50%,15.56,12.17,10.91 years,35.0,66.0,https://www.stockscores.com/chart.asp?TickerSymbol=RMD&TimeRange=180&Interval=d&Volume=1&ChartType=CandleStick&Stockscores=1&ChartWidth=1100&ChartHeight=480&LogScale=&Band=&avgType1=&movAvg1=&avgType2=&movAvg2=&Indicator1=None&Indicator2=None&Indicator3=None&Indicator4=None&endDate=&CompareWith=&entryPrice=&stopLossPrice=&candles=redgreen
ROL,98,100,95,$17.02,$55.05,-38.17%,12.5,11.44,15.3 years,29.0,45.0,https://www.stockscores.com/chart.asp?TickerSymbol=ROL&TimeRange=180&Interval=d&Volume=1&ChartType=CandleStick&Stockscores=1&ChartWidth=1100&ChartHeight=480&LogScale=&Band=&avgType1=&movAvg1=&avgType2=&movAvg2=&Indicator1=None&Indicator2=None&Indicator3=None&Indicator4=None&endDate=&CompareWith=&entryPrice=&stopLossPrice=&candles=redgreen
RSHL,100,100,100,$0.66,$0,,,,,,,
SFM,89,90,88,$71.04,$164.65,-13.71%,12.38,9.97,14.22 years,60.0,52.0,https://www.stockscores.com/chart.asp?TickerSymbol=SFM&TimeRange=180&Interval=d&Volume=1&ChartType=CandleStick&Stockscores=1&ChartWidth=1100&ChartHeight=480&LogScale=&Band=&avgType1=&movAvg1=&avgType2=&movAvg2=&Indicator1=None&Indicator2=None&Indicator3=None&Indicator4=None&endDate=&CompareWith=&entryPrice=&stopLossPrice=&candles=redgreen
SKX,88,90,85,"$2,343.43",$63.07,7329.84%,51.79,11.83,6.1 years,63.0,76.0,https://www.stockscores.com/chart.asp?TickerSymbol=SKX&TimeRange=180&Interval=d&Volume=1&ChartType=CandleStick&Stockscores=1&ChartWidth=1100&ChartHeight=480&LogScale=&Band=&avgType1=&movAvg1=&avgType2=&movAvg2=&Indicator1=None&Indicator2=None&Indicator3=None&Indicator4=None&endDate=&CompareWith=&entryPrice=&stopLossPrice=&candles=redgreen
SNPS,93,98,88,$438.97,$569.1,54.27%,20.15,14.16,9.12 years,98.0,81.0,https://www.stockscores.com/chart.asp?TickerSymbol=SNPS&TimeRange=180&Interval=d&Volume=1&ChartType=CandleStick&Stockscores=1&ChartWidth=1100&ChartHeight=480&LogScale=&Band=&avgType1=&movAvg1=&avgType2=&movAvg2=&Indicator1=None&Indicator2=None&Indicator3=None&Indicator4=None&endDate=&CompareWith=&entryPrice=&stopLossPrice=&candles=redgreen
SSD,97,100,93,$193.56,$159.15,143.24%,19.76,16.13,9 years,62.0,61.0,https://www.stockscores.com/chart.asp?TickerSymbol=SSD&TimeRange=180&Interval=d&Volume=1&ChartType=CandleStick&Stockscores=1&ChartWidth=1100&ChartHeight=480&LogScale=&Band=&avgType1=&movAvg1=&avgType2=&movAvg2=&Indicator1=None&Indicator2=None&Indicator3=None&Indicator4=None&endDate=&CompareWith=&entryPrice=&stopLossPrice=&candles=redgreen
STRL,85,85,85,$188.66,$238.4,58.27%,6.78,11.71,15.53 years,61.0,76.0,https://www.stockscores.com/chart.asp?TickerSymbol=STRL&TimeRange=180&Interval=d&Volume=1&ChartType=CandleStick&Stockscores=1&ChartWidth=1100&ChartHeight=480&LogScale=&Band=&avgType1=&movAvg1=&avgType2=&movAvg2=&Indicator1=None&Indicator2=None&Indicator3=None&Indicator4=None&endDate=&CompareWith=&entryPrice=&stopLossPrice=&candles=redgreen
TGLS,94,98,90,"$2,442.02",$73.83,6515.20%,55.85,11.75,6.52 years,16.0,44.0,https://www.stockscores.com/chart.asp?TickerSymbol=TGLS&TimeRange=180&Interval=d&Volume=1&ChartType=CandleStick&Stockscores=1&ChartWidth=1100&ChartHeight=480&LogScale=&Band=&avgType1=&movAvg1=&avgType2=&movAvg2=&Indicator1=None&Indicator2=None&Indicator3=None&Indicator4=None&endDate=&CompareWith=&entryPrice=&stopLossPrice=&candles=redgreen
TGS,90,85,95,"$6,128,490,134.62",$25.98,47074.75%,194.55,0.03,,44.0,45.0,https://www.stockscores.com/chart.asp?TickerSymbol=TGS&TimeRange=180&Interval=d&Volume=1&ChartType=CandleStick&Stockscores=1&ChartWidth=1100&ChartHeight=480&LogScale=&Band=&avgType1=&movAvg1=&avgType2=&movAvg2=&Indicator1=None&Indicator2=None&Indicator3=None&Indicator4=None&endDate=&CompareWith=&entryPrice=&stopLossPrice=&candles=redgreen
TSM,100,100,100,"$6,493.84",$236.95,5380.48%,18.8,18.29,1.34 years,98.0,80.0,https://www.stockscores.com/chart.asp?TickerSymbol=TSM&TimeRange=180&Interval=d&Volume=1&ChartType=CandleStick&Stockscores=1&ChartWidth=1100&ChartHeight=480&LogScale=&Band=&avgType1=&movAvg1=&avgType2=&movAvg2=&Indicator1=None&Indicator2=None&Indicator3=None&Indicator4=None&endDate=&CompareWith=&entryPrice=&stopLossPrice=&candles=redgreen
TXRH,98,95,100,"$1,224.39",$184.66,1225.68%,35.81,15.58,6.94 years,49.0,67.0,https://www.stockscores.com/chart.asp?TickerSymbol=TXRH&TimeRange=180&Interval=d&Volume=1&ChartType=CandleStick&Stockscores=1&ChartWidth=1100&ChartHeight=480&LogScale=&Band=&avgType1=&movAvg1=&avgType2=&movAvg2=&Indicator1=None&Indicator2=None&Indicator3=None&Indicator4=None&endDate=&CompareWith=&entryPrice=&stopLossPrice=&candles=redgreen
ULTA,85,100,70,"$1,880.07",$473.78,693.62%,27.08,13.98,6.33 years,64.0,74.0,https://www.stockscores.com/chart.asp?TickerSymbol=ULTA&TimeRange=180&Interval=d&Volume=1&ChartType=CandleStick&Stockscores=1&ChartWidth=1100&ChartHeight=480&LogScale=&Band=&avgType1=&movAvg1=&avgType2=&movAvg2=&Indicator1=None&Indicator2=None&Indicator3=None&Indicator4=None&endDate=&CompareWith=&entryPrice=&stopLossPrice=&candles=redgreen
USLM,99,100,98,$77.29,$100.76,53.41%,16.36,13.92,10.97 years,50.0,59.0,https://www.stockscores.com/chart.asp?TickerSymbol=USLM&TimeRange=180&Interval=d&Volume=1&ChartType=CandleStick&Stockscores=1&ChartWidth=1100&ChartHeight=480&LogScale=&Band=&avgType1=&movAvg1=&avgType2=&movAvg2=&Indicator1=None&Indicator2=None&Indicator3=None&Indicator4=None&endDate=&CompareWith=&entryPrice=&stopLossPrice=&candles=redgreen
UUUU,67,40,94,$0,$7.76,-100.00%,-158.91,21.97,,73.0,81.0,https://www.stockscores.com/chart.asp?TickerSymbol=UUUU&TimeRange=180&Interval=d&Volume=1&ChartType=CandleStick&Stockscores=1&ChartWidth=1100&ChartHeight=480&LogScale=&Band=&avgType1=&movAvg1=&avgType2=&movAvg2=&Indicator1=None&Indicator2=None&Indicator3=None&Indicator4=None&endDate=&CompareWith=&entryPrice=&stopLossPrice=&candles=redgreen
V,94,100,88,$150.44,$347.02,-13.30%,12.56,11.87,12.97 years,28.0,52.0,https://www.stockscores.com/chart.asp?TickerSymbol=V&TimeRange=180&Interval=d&Volume=1&ChartType=CandleStick&Stockscores=1&ChartWidth=1100&ChartHeight=480&LogScale=&Band=&avgType1=&movAvg1=&avgType2=&movAvg2=&Indicator1=None&Indicator2=None&Indicator3=None&Indicator4=None&endDate=&CompareWith=&entryPrice=&stopLossPrice=&candles=redgreen
VCIG,100,100,100,"$2,094.72",$1.04,402592.31%,,,,15.0,21.0,https://www.stockscores.com/chart.asp?TickerSymbol=VCIG&TimeRange=180&Interval=d&Volume=1&ChartType=CandleStick&Stockscores=1&ChartWidth=1100&ChartHeight=480&LogScale=&Band=&avgType1=&movAvg1=&avgType2=&movAvg2=&Indicator1=None&Indicator2=None&Indicator3=None&Indicator4=None&endDate=&CompareWith=&entryPrice=&stopLossPrice=&candles=redgreen
VEEV,100,100,100,$522.77,$279.32,274.32%,30.75,19.96,8.61 years,59.0,67.0,https://www.stockscores.com/chart.asp?TickerSymbol=VEEV&TimeRange=180&Interval=d&Volume=1&ChartType=CandleStick&Stockscores=1&ChartWidth=1100&ChartHeight=480&LogScale=&Band=&avgType1=&movAvg1=&avgType2=&movAvg2=&Indicator1=None&Indicator2=None&Indicator3=None&Indicator4=None&endDate=&CompareWith=&entryPrice=&stopLossPrice=&candles=redgreen
VRTX,100,100,100,$0,$464.2,-100.00%,48.94,24.16,Infinity years,60.0,53.0,https://www.stockscores.com/chart.asp?TickerSymbol=VRTX&TimeRange=180&Interval=d&Volume=1&ChartType=CandleStick&Stockscores=1&ChartWidth=1100&ChartHeight=480&LogScale=&Band=&avgType1=&movAvg1=&avgType2=&movAvg2=&Indicator1=None&Indicator2=None&Indicator3=None&Indicator4=None&endDate=&CompareWith=&entryPrice=&stopLossPrice=&candles=redgreen
WSO,94,100,88,$239.61,$472.98,1.32%,16.34,8.08,12.16 years,49.0,46.0,https://www.stockscores.com/chart.asp?TickerSymbol=WSO&TimeRange=180&Interval=d&Volume=1&ChartType=CandleStick&Stockscores=1&ChartWidth=1100&ChartHeight=480&LogScale=&Band=&avgType1=&movAvg1=&avgType2=&movAvg2=&Indicator1=None&Indicator2=None&Indicator3=None&Indicator4=None&endDate=&CompareWith=&entryPrice=&stopLossPrice=&candles=redgreen
WSO.B,94,100,88,$239.61,$437.48,9.54%,16.34,8.08,11.73 years,98.0,83.0,https://www.stockscores.com/chart.asp?TickerSymbol=WSO.B&TimeRange=180&Interval=d&Volume=1&ChartType=CandleStick&Stockscores=1&ChartWidth=1100&ChartHeight=480&LogScale=&Band=&avgType1=&movAvg1=&avgType2=&movAvg2=&Indicator1=None&Indicator2=None&Indicator3=None&Indicator4=None&endDate=&CompareWith=&entryPrice=&stopLossPrice=&candles=redgreen
WTS,89,93,85,$129.24,$247.75,4.33%,11.39,7.72,12.35 years,57.0,78.0,https://www.stockscores.com/chart.asp?TickerSymbol=WTS&TimeRange=180&Interval=d&Volume=1&ChartType=CandleStick&Stockscores=1&ChartWidth=1100&ChartHeight=480&LogScale=&Band=&avgType1=&movAvg1=&avgType2=&movAvg2=&Indicator1=None&Indicator2=None&Indicator3=None&Indicator4=None&endDate=&CompareWith=&entryPrice=&stopLossPrice=&candles=redgreen
XPEL,98,100,95,"$2,414.04",$35.05,13674.61%,58.12,29.22,5.78 years,48.0,62.0,https://www.stockscores.com/chart.asp?TickerSymbol=XPEL&TimeRange=180&Interval=d&Volume=1&ChartType=CandleStick&Stockscores=1&ChartWidth=1100&ChartHeight=480&LogScale=&Band=&avgType1=&movAvg1=&avgType2=&movAvg2=&Indicator1=None&Indicator2=None&Indicator3=None&Indicator4=None&endDate=&CompareWith=&entryPrice=&stopLossPrice=&candles=redgreen
XYF,87,87,87,"$25,722,585,715.87",$18.57,276927.46%,409.75,8.62,0.63 years,70.0,72.0,https://www.stockscores.com/chart.asp?TickerSymbol=XYF&TimeRange=180&Interval=d&Volume=1&ChartType=CandleStick&Stockscores=1&ChartWidth=1100&ChartHeight=480&LogScale=&Band=&avgType1=&movAvg1=&avgType2=&movAvg2=&Indicator1=None&Indicator2=None&Indicator3=None&Indicator4=None&endDate=&CompareWith=&entryPrice=&stopLossPrice=&candles=redgreen
YALA,89,93,85,"$987,233.23",$7.44,26538421.51%,181.84,0.0,0.94 years,62.0,64.0,https://www.stockscores.com/chart.asp?TickerSymbol=YALA&TimeRange=180&Interval=d&Volume=1&ChartType=CandleStick&Stockscores=1&ChartWidth=1100&ChartHeight=480&LogScale=&Band=&avgType1=&movAvg1=&avgType2=&movAvg2=&Indicator1=None&Indicator2=None&Indicator3=None&Indicator4=None&endDate=&CompareWith=&entryPrice=&stopLossPrice=&candles=redgreen
ZTO,95,98,93,$476.51,$18.47,5059.83%,23.75,12.54,5.07 years,62.0,50.0,https://www.stockscores.com/chart.asp?TickerSymbol=ZTO&TimeRange=180&Interval=d&Volume=1&ChartType=CandleStick&Stockscores=1&ChartWidth=1100&ChartHeight=480&LogScale=&Band=&avgType1=&movAvg1=&avgType2=&movAvg2=&Indicator1=None&Indicator2=None&Indicator3=None&Indicator4=None&endDate=&CompareWith=&entryPrice=&stopLossPrice=&candles=redgreen
ZTS,88,90,85,$84.07,$152.86,10.00%,15.04,9.47,11.47 years,12.0,36.0,https://www.stockscores.com/chart.asp?TickerSymbol=ZTS&TimeRange=180&Interval=d&Volume=1&ChartType=CandleStick&Stockscores=1&ChartWidth=1100&ChartHeight=480&LogScale=&Band=&avgType1=&movAvg1=&avgType2=&movAvg2=&Indicator1=None&Indicator2=None&Indicator3=None&Indicator4=None&endDate=&CompareWith=&entryPrice=&stopLossPrice=&candles=redgreen
