ticker,source,date_added
AAON,stock_list,2025-09-20
ANF,rule1,2025-07-11
ADBE,guru_list,2025-09-20
ALG,rule1,2025-09-18
ALGM,rule1,2025-07-11
GOOGL,manual,2025-09-20
GOOG,manual,2025-09-20
AMZN,guru_list,2025-09-20
AMP,rule1,2025-07-11
AME,rule1,2025-07-11
APH,rule1,2025-09-20
APPF,stock_list,2025-08-03
AIT,rule1,2025-09-20
AMAT,guru_list,2025-09-20
ACGL,rule1,2025-09-20
ANET,guru_list,2025-09-20
AIP,rule1,2025-09-18
ASML,guru_list,2025-09-20
ATAT,rule1,2025-09-20
ADP,guru_list,2025-09-20
BMI,rule1,2025-09-20
BANF,stock_list,2025-09-05
BBAR,rule1,2025-07-11
BMA,rule1,2025-07-11
BSVN,rule1,2025-09-18
FUFU,manual,2025-09-20
BKNG,guru_list,2025-09-20
BOOT,rule1,2025-09-20
BPT,rule1,2025-07-02
WHD,rule1,2025-07-11
CDNS,guru_list,2025-09-20
CAMT,rule1,2025-09-20
CVCO,manual,2025-09-20
CMG,manual,2025-09-20
CTAS,manual,2025-09-20
YOU,manual,2025-09-20
CLMB,rule1,2025-07-11
CCB,stock_list,2025-09-19
COKE,rule1,2025-09-18
FIX,manual,2025-09-20
CPRT,manual,2025-09-20
COST,manual,2025-09-20
CGTL,rule1,2025-09-20
DQ,manual,2025-09-20
DXST,manual,2025-09-20
DECK,manual,2025-09-20
DLO,manual,2025-09-20
DOCS,manual,2025-09-20
DRD,rule1,2025-07-11
DHI,manual,2025-09-20
EWBC,manual,2025-09-20
EME,manual,2025-09-20
ENSG,manual,2025-09-20
EPAM,rule1,2025-07-11
PLUS,manual,2025-09-20
ESQ,manual,2025-09-20
EVGO,rule1,2025-09-18
EXLS,manual,2025-09-20
EXOZ,rule1,2025-09-18
FN,manual,2025-09-20
FDS,rule1,2025-07-11
FSS,manual,2025-09-20
RACE,manual,2025-09-20
FIHL,manual,2025-09-20
AIFF,rule1,2025-09-18
FTLF,manual,2025-09-20
FIVE,manual,2025-09-20
FND,manual,2025-09-20
FTNT,manual,2025-09-20
FELE,stock_list,2025-09-19
FCN,rule1,2025-07-11
GAMB,rule1,2025-07-11
GRMN,manual,2025-09-20
IT,manual,2025-09-20
GMAB,manual,2025-09-20
GCT,manual,2025-09-20
GIT,manual,2025-09-20
OMAB,manual,2025-09-20
ASR,rule1,2025-09-20
HAO,manual,2025-09-20
ROLR,rule1,2025-09-18
HLI,rule1,2025-07-11
HUBB,rule1,2025-07-11
IDXX,manual,2025-09-20
IESC,manual,2025-09-20
IBKR,manual,2025-09-20
IGIC,rule1,2025-09-18
IPAR,manual,2025-09-20
INTU,manual,2025-09-20
IRMD,manual,2025-09-20
JDZG,rule1,2025-09-18
JFIN,rule1,2025-07-11
KSPI,manual,2025-09-20
KNSL,manual,2025-09-20
KLAC,manual,2025-09-20
KULR,rule1,2025-07-11
LNTH,manual,2025-09-20
LSE,rule1,2025-07-11
LII,manual,2025-09-20
LOBO,manual,2025-09-20
LULU,manual,2025-09-20
MGIC,rule1,2025-07-11
MANH,manual,2025-09-20
MKTX,rule1,2025-07-11
MA,manual,2025-09-20
MEDP,manual,2025-09-20
MTH,rule1,2025-07-11
META,manual,2025-09-20
MSFT,manual,2025-09-20
MPWR,manual,2025-09-20
MNST,manual,2025-09-20
MORN,manual,2025-09-20
MPTI,manual,2025-09-20
NSSC,manual,2025-09-20
NTES,manual,2025-09-20
NYT,manual,2025-09-20
NMIH,manual,2025-09-20
NVMI,manual,2025-09-20
NVAX,rule1,2025-09-18
NVO,manual,2025-09-20
NVDA,manual,2025-09-20
OVLY,rule1,2025-09-18
ODD,manual,2025-09-20
ODC,rule1,2025-07-11
ODFL,manual,2025-09-20
OLLI,manual,2025-09-20
PLMR,rule1,2025-09-18
PAYX,manual,2025-09-20
PAYC,manual,2025-09-20
PCTY,rule1,2025-09-18
PYPL,manual,2025-09-20
PDD,manual,2025-09-20
PMNT,rule1,2025-09-18
PJT,manual,2025-09-20
POOL,manual,2025-09-20
PFBC,rule1,2025-09-18
PGR,manual,2025-09-20
PHM,manual,2025-09-20
QLYS,manual,2025-09-20
RJF,rule1,2025-07-11
RAY,manual,2025-09-20
REGN,manual,2025-09-20
RMD,manual,2025-09-20
RSHL,manual,2025-09-20
RLI,manual,2025-09-20
ROL,manual,2025-09-20
RUM,rule1,2025-09-18
SAIA,rule1,2025-09-18
SPNS,manual,2025-09-20
SN,manual,2025-09-20
SSD,manual,2025-09-20
SKX,manual,2025-09-20
STI,rule1,2025-09-18
MDAI,rule1,2025-09-18
SFM,manual,2025-09-20
STRL,manual,2025-09-20
SNPS,manual,2025-09-20
TSM,manual,2025-09-20
TGLS,manual,2025-09-20
TTEK,manual,2025-09-20
TXRH,manual,2025-09-20
TBBK,manual,2025-09-20
TTD,manual,2025-09-20
COCO,stock_list,2025-09-18
BLD,rule1,2025-09-20
TT,rule1,2025-07-11
TGS,manual,2025-09-20
USLM,manual,2025-09-20
UTHR,stock_list,2025-09-20
INHI,manual,2025-09-20
OLED,rule1,2025-07-11
VCIG,manual,2025-09-20
VEEV,manual,2025-09-20
VRTX,manual,2025-09-20
V,manual,2025-09-20
WSO,manual,2025-09-20
WSO.B,manual,2025-09-20
WTS,manual,2025-09-20
GWW,rule1,2025-07-11
XYF,manual,2025-09-20
XPEL,manual,2025-09-20
YALA,manual,2025-09-20
YETI,rule1,2025-07-11
ZTS,manual,2025-09-20
ZTO,manual,2025-09-20
AAPL,guru_list,2025-09-20
TSLA,manual,2025-09-20
MAT,manual,2025-09-20
APP,guru_list,2025-09-20
PPLT,manual,2025-09-20
ULTA,manual,2025-09-20
UUUU,manual,2025-09-20
PLAS,manual,2025-09-20
PLUG,manual,2025-09-20
LOT,stock_list,2025-07-22
HNNMY,stock_list,2025-07-22
AVAL,stock_list,2025-07-22
SSAAY,stock_list,2025-07-22
SCRYY,stock_list,2025-07-22
BRFS,stock_list,2025-07-22
FPAFY,stock_list,2025-07-22
LYG,stock_list,2025-07-22
ABCL,stock_list,2025-07-22
PALAF,stock_list,2025-07-22
GRAB,manual,2025-09-20
SSL,stock_list,2025-07-22
MFG,stock_list,2025-07-22
NG,stock_list,2025-07-22
UA,stock_list,2025-07-22
FSM,stock_list,2025-07-22
COMP,stock_list,2025-07-22
PL,stock_list,2025-07-22
DVDCF,stock_list,2025-07-22
CGAU,stock_list,2025-07-22
EGIEY,stock_list,2025-07-22
SPKKY,stock_list,2025-07-22
TLTZY,stock_list,2025-07-22
AMSSY,stock_list,2025-07-22
ENGGY,stock_list,2025-07-22
MTNOY,stock_list,2025-07-22
GLNCY,stock_list,2025-07-22
NVTS,stock_list,2025-07-22
DLAKY,stock_list,2025-07-22
MLCO,manual,2025-09-20
SWRAY,stock_list,2025-07-22
SBSW,stock_list,2025-07-22
FLNC,manual,2025-09-20
HIMX,manual,2025-09-20
BVNRY,stock_list,2025-07-22
AVDX,stock_list,2025-09-19
INGXF,stock_list,2025-07-22
AMKBY,stock_list,2025-07-22
VALE,manual,2025-09-20
CLF,manual,2025-09-20
IMPUY,stock_list,2025-07-22
WTBDY,stock_list,2025-07-22
YZCAY,stock_list,2025-07-22
VOD,manual,2025-09-20
TTDKY,stock_list,2025-07-22
OCUL,manual,2025-09-20
PROSY,stock_list,2025-07-22
RITM,stock_list,2025-07-22
ORLA,stock_list,2025-07-22
PBI,stock_list,2025-07-22
NMRK,manual,2025-09-20
LSPD,stock_list,2025-07-22
PARA,manual,2025-09-20
PSLV,stock_list,2025-07-22
TKAMY,stock_list,2025-07-22
PNGAY,stock_list,2025-07-22
AES,guru_list,2025-09-20
RIOT,manual,2025-09-20
BACHY,stock_list,2025-07-22
CMPO,stock_list,2025-09-19
REPYY,stock_list,2025-07-22
AHCHY,stock_list,2025-07-22
DV,manual,2025-09-20
HSNGY,stock_list,2025-07-22
CNTA,manual,2025-09-20
WDS,stock_list,2025-07-22
HR,stock_list,2025-07-22
JSAIY,stock_list,2025-07-22
SA,stock_list,2025-07-22
ASAZY,stock_list,2025-07-22
SKE,stock_list,2025-07-22
NPIFF,stock_list,2025-07-22
TLK,stock_list,2025-07-22
PRM,manual,2025-09-20
TSCDY,stock_list,2025-07-22
LGGNY,stock_list,2025-07-22
BVN,stock_list,2025-07-22
AVVIY,stock_list,2025-07-22
BURBY,stock_list,2025-07-22
HCM,stock_list,2025-08-05
WEGRY,stock_list,2025-07-22
IREN,manual,2025-09-20
BCS,stock_list,2025-07-22
EONGY,stock_list,2025-07-22
TIPX,stock_list,2025-07-22
UE,stock_list,2025-07-22
NDEKY,stock_list,2025-07-22
SUBCY,stock_list,2025-07-22
WWW,stock_list,2025-07-22
B,stock_list,2025-07-22
QXO,stock_list,2025-07-22
IBDV,stock_list,2025-07-22
SCHF,stock_list,2025-07-22
SAXPY,stock_list,2025-07-22
CENX,stock_list,2025-09-19
NTDOY,stock_list,2025-07-22
SKM,stock_list,2025-07-22
IBTH,stock_list,2025-09-05
FSUGY,stock_list,2025-07-22
SCHI,stock_list,2025-07-22
ING,stock_list,2025-07-22
IBDU,stock_list,2025-07-22
CODYY,stock_list,2025-07-22
SPHY,stock_list,2025-07-22
PXH,stock_list,2025-07-22
IBDS,stock_list,2025-07-22
IBDR,stock_list,2025-07-22
WRBY,stock_list,2025-07-22
SKFRY,stock_list,2025-07-22
RANJY,stock_list,2025-07-22
SCHR,stock_list,2025-07-22
SDVKY,stock_list,2025-07-22
UCON,stock_list,2025-07-22
SCHX,stock_list,2025-07-22
EMLC,stock_list,2025-07-22
IBDT,stock_list,2025-07-22
SJNK,stock_list,2025-07-22
GFI,stock_list,2025-07-22
FLTR,stock_list,2025-07-22
FTGC,manual,2025-09-20
FL,stock_list,2025-07-22
ENLT,manual,2025-09-20
PHYS,stock_list,2025-07-22
RF,stock_list,2025-07-22
SSEZY,stock_list,2025-07-22
PYLD,stock_list,2025-07-22
HCMLY,stock_list,2025-07-22
OVCHY,stock_list,2025-07-22
FALN,stock_list,2025-09-20
DFGR,stock_list,2025-07-22
CUK,stock_list,2025-07-22
BEP,stock_list,2025-07-22
SOXL,stock_list,2025-07-22
CGMS,stock_list,2025-07-22
OR,stock_list,2025-07-22
SPTI,stock_list,2025-07-22
ASHR,stock_list,2025-07-22
SEDG,manual,2025-09-20
ANGL,stock_list,2025-09-20
HTHIY,stock_list,2025-07-22
DFAX,stock_list,2025-07-22
TGOPY,stock_list,2025-07-22
DFAE,stock_list,2025-07-22
CCL,stock_list,2025-07-22
SCHG,stock_list,2025-07-22
ASBFY,stock_list,2025-07-22
DFIS,stock_list,2025-07-22
SPSB,stock_list,2025-07-22
GEN,manual,2025-09-20
DB,stock_list,2025-07-22
SCHK,stock_list,2025-07-22
ACMR,guru_list,2025-09-20
DFEM,stock_list,2025-07-22
FLRN,stock_list,2025-07-22
NCNO,manual,2025-09-20
BXBLY,stock_list,2025-07-22
SCHE,stock_list,2025-07-22
DFIC,stock_list,2025-07-22
CEF,stock_list,2025-07-22
STEL,stock_list,2025-07-22
AONNY,stock_list,2025-07-22
EUFN,manual,2025-09-20
GLPG,manual,2025-09-20
BUFR,stock_list,2025-07-22
BALT,stock_list,2025-07-22
TY,stock_list,2025-07-22
SGOL,stock_list,2025-07-22
HNGKY,stock_list,2025-07-22
MTCH,manual,2025-09-20
OUNZ,stock_list,2025-07-22
STM,stock_list,2025-07-22
BMWKY,stock_list,2025-07-22
FENI,stock_list,2025-07-22
SUPN,stock_list,2025-09-19
KMTUY,stock_list,2025-07-22
SPIB,stock_list,2025-07-22
AAAU,stock_list,2025-07-22
NNGRY,stock_list,2025-07-22
IAUM,stock_list,2025-07-22
FNDE,stock_list,2025-07-22
FELC,stock_list,2025-07-22
XSOE,stock_list,2025-07-22
SLV,stock_list,2025-07-22
AAGIY,stock_list,2025-07-22
THRO,stock_list,2025-07-22
UBS,stock_list,2025-07-22
UGI,stock_list,2025-07-22
IMCR,manual,2025-09-20
FYBR,stock_list,2025-09-19
SIVR,stock_list,2025-07-22
KRC,stock_list,2025-07-22
USHY,stock_list,2025-07-22
FELG,stock_list,2025-07-22
AHR,stock_list,2025-07-22
PINS,manual,2025-09-20
FXI,stock_list,2025-07-22
SFTBY,stock_list,2025-07-22
APUE,stock_list,2025-07-22
USCA,stock_list,2025-07-22
TSPA,stock_list,2025-07-22
IMBBY,stock_list,2025-07-22
ESGE,manual,2025-09-20
MSGE,stock_list,2025-07-22
FNDF,stock_list,2025-07-22
SPDW,stock_list,2025-07-22
SPR,stock_list,2025-07-22
TIGO,manual,2025-09-20
CGGR,stock_list,2025-07-22
SRLN,stock_list,2025-07-22
RSPT,stock_list,2025-07-22
ACIO,stock_list,2025-07-22
NI,stock_list,2025-07-22
HYLS,stock_list,2025-09-19
XLRE,stock_list,2025-07-22
MIELY,stock_list,2025-07-22
LEGN,manual,2025-09-20
FNDC,stock_list,2025-07-22
SHYG,stock_list,2025-07-22
SCHC,stock_list,2025-07-22
RWEOY,stock_list,2025-07-22
FXU,stock_list,2025-07-22
SPEM,stock_list,2025-07-22
EBKDY,stock_list,2025-07-22
DINO,manual,2025-09-20
DKNG,manual,2025-09-20
AIQ,stock_list,2025-09-19
IFNNY,stock_list,2025-07-22
IMTM,stock_list,2025-07-22
BNPQY,stock_list,2025-07-22
SSREY,stock_list,2025-07-22
AOM,stock_list,2025-07-22
NYAX,manual,2025-09-20
VNQI,manual,2025-09-20
DEM,stock_list,2025-07-22
JPIE,stock_list,2025-07-22
FTSL,stock_list,2025-09-20
TOST,manual,2025-09-20
FHI,stock_list,2025-07-22
TTMI,stock_list,2025-09-19
HGV,stock_list,2025-07-22
DFSD,stock_list,2025-07-22
ISTB,manual,2025-09-20
BKE,stock_list,2025-07-22
VNLA,stock_list,2025-07-22
LMBS,stock_list,2025-09-20
BNDX,stock_list,2025-09-12
GE,manual,2025-09-20
SOLV,manual,2025-09-20
GEHC,manual,2025-09-20
ALL,guru_list,2025-09-20
FERG,manual,2025-09-20
JHG,manual,2025-09-20
WEN,manual,2025-09-20
UHAL,manual,2025-09-20
IVZ,manual,2025-09-20
VAL,manual,2025-09-20
NE,manual,2025-09-20
HCC,manual,2025-09-20
AMR,guru_list,2025-09-20
CNR,manual,2025-09-20
SWBI,manual,2025-09-20
BRK.A,guru_list,2025-09-20
LYFT,manual,2025-09-20
LRCX,manual,2025-09-20
EXE,manual,2025-09-20
JD,manual,2025-09-20
CZR,manual,2025-09-20
MU,manual,2025-09-20
ORCL,manual,2025-09-20
ET,manual,2025-09-20
LVS,manual,2025-09-20
QCOM,manual,2025-09-20
BEKE,guru_list,2025-09-20
FDX,manual,2025-09-20
BABA,guru_list,2025-09-20
UBER,manual,2025-09-20
XYZ,manual,2025-09-20
GLW,manual,2025-09-20
AR,guru_list,2025-09-20
AVGO,guru_list,2025-09-20
UNH,manual,2025-09-20
VST,manual,2025-09-20
LHX,manual,2025-09-20
BIDU,guru_list,2025-09-20
MPLX,manual,2025-09-20
INTC,manual,2025-09-20
NRG,manual,2025-09-20
AMD,guru_list,2025-09-01
EQT,manual,2025-09-20
WYNN,manual,2025-09-20
WMB,manual,2025-09-20
TFC,manual,2025-09-20
OBDC,manual,2025-09-20
DEO,manual,2025-09-20
AZO,guru_list,2025-09-20
BAX,guru_list,2025-09-20
JNJ,manual,2025-09-20
WTFC,manual,2025-09-20
NVS,manual,2025-09-20
EIG,manual,2025-09-20
PSNY,manual,2025-09-20
KT,manual,2025-09-20
CNH,manual,2025-09-20
UNP,manual,2025-09-20
WFC,manual,2025-09-20
USB,manual,2025-09-20
ZION,manual,2025-09-20
NVST,manual,2025-09-20
ATMU,guru_list,2025-09-20
GM,manual,2025-09-20
SEE,manual,2025-09-20
COP,manual,2025-09-20
ARLP,guru_list,2025-09-20
BAC,guru_list,2025-09-20
HPK,manual,2025-09-20
ALV,guru_list,2025-09-20
HTLD,manual,2025-09-20
EPD,manual,2025-09-20
CNXC,manual,2025-09-20
AXP,guru_list,2025-09-20
FMC,manual,2025-09-20
ACDC,guru_list,2025-09-20
IONS,manual,2025-09-20
BRK.B,guru_list,2025-09-20
CMCSA,manual,2025-09-20
EMR,manual,2025-09-20
FITB,manual,2025-09-20
BK,guru_list,2025-09-20
KOF,manual,2025-09-20
HCI,manual,2025-09-20
CSCO,manual,2025-09-20
GSK,manual,2025-09-20
GL,manual,2025-09-20
HLN,manual,2025-09-20
VZ,manual,2025-09-20
KVUE,manual,2025-09-20
PSEC,manual,2025-09-20
PSX,manual,2025-09-20
UL,manual,2025-09-20
TTE,manual,2025-09-20
EL,manual,2025-09-20
VFC,manual,2025-09-20
MOH,manual,2025-09-20
GOOS,manual,2025-09-20
OSCR,manual,2025-09-20
BRKR,guru_list,2025-09-20
MAGN,manual,2025-09-20
ACIC,guru_list,2025-08-24
HCA,manual,2025-09-20
HLF,manual,2025-09-20
ICLR,manual,2025-09-20
SNRE,manual,2025-09-20
EXP,manual,2025-09-20
CRH,manual,2025-09-20
CLVT,manual,2025-09-20
WTW,manual,2025-09-20
VSAT,manual,2025-09-20
LBTYK,manual,2025-09-20
DG,manual,2025-09-20
WCC,manual,2025-09-20
LBRDK,manual,2025-09-20
LBRDA,manual,2025-09-20
HUM,manual,2025-09-20
GPC,manual,2025-09-20
LBTYA,manual,2025-09-20
SGI,manual,2025-09-20
ELV,manual,2025-09-20
QSR,manual,2025-09-20
GDS,manual,2025-09-20
FIS,manual,2025-09-20
TBN,manual,2025-09-20
TSCO,manual,2025-09-20
CDW,guru_list,2025-09-20
SPGI,manual,2025-09-20
URI,manual,2025-09-20
EW,manual,2025-09-20
ORLY,manual,2025-09-20
MSI,manual,2025-09-20
TAP,manual,2025-09-20
CIGI,manual,2025-09-20
UAA,manual,2025-09-20
ATS,guru_list,2025-09-20
XERS,manual,2025-09-20
OLA,manual,2025-09-20
GNTX,manual,2025-09-20
ATHM,guru_list,2025-09-20
HP,manual,2025-09-20
BB,guru_list,2025-09-20
LWAY,manual,2025-09-20
RVNC,manual,2025-09-20
GTX,manual,2025-09-20
KKR,manual,2025-09-20
CPRI,manual,2025-09-20
FNV,manual,2025-09-20
MGM,manual,2025-09-20
BNS,guru_list,2025-09-20
KW,manual,2025-09-20
OXY,manual,2025-09-20
CVS,manual,2025-09-20
KHC,manual,2025-09-20
MRK,manual,2025-09-20
PFE,manual,2025-09-20
TFII,manual,2025-09-20
MX,manual,2025-09-20
CPNG,manual,2025-09-20
EGP,manual,2025-09-20
VTRS,manual,2025-09-20
STT,manual,2025-09-20
BXP,guru_list,2025-09-20
ESS,manual,2025-09-20
VTR,manual,2025-09-20
DEI,manual,2025-09-20
YMM,manual,2025-09-20
MTB,manual,2025-09-20
EQIX,manual,2025-09-20
CCI,guru_list,2025-09-20
EQR,manual,2025-09-20
TXN,manual,2025-09-20
RKT,manual,2025-09-20
DLR,manual,2025-09-20
TCOM,manual,2025-09-20
REXR,manual,2025-09-20
CHCT,manual,2025-09-20
EXR,manual,2025-09-20
AGCO,guru_list,2025-09-20
DOC,manual,2025-09-20
SPG,manual,2025-09-20
JPM,manual,2025-09-20
FRT,manual,2025-09-20
HIW,manual,2025-09-20
ARE,guru_list,2025-09-20
AVB,guru_list,2025-09-20
VICI,manual,2025-09-20
PSA,manual,2025-09-20
UDR,manual,2025-09-20
PLD,manual,2025-09-20
CUZ,manual,2025-09-20
REG,manual,2025-09-20
PNC,manual,2025-09-20
MAA,manual,2025-09-20
RNR,manual,2025-09-20
NTST,manual,2025-09-20
WELL,manual,2025-09-20
AMH,guru_list,2025-09-20
TSN,manual,2025-09-20
MKL,manual,2025-09-20
SCHW,manual,2025-09-20
CCK,guru_list,2025-09-20
IAC,manual,2025-09-20
SUI,manual,2025-09-20
CPT,manual,2025-09-20
L,manual,2025-09-20
JCI,manual,2025-09-20
EG,manual,2025-09-20
HPP,manual,2025-09-20
COF,manual,2025-09-20
RH,manual,2025-09-20
SAP,manual,2025-09-20
NOAH,manual,2025-09-20
DGX,manual,2025-09-20
SHO,manual,2025-09-20
OC,manual,2025-09-20
SE,manual,2025-09-20
AMT,guru_list,2025-09-20
TRNO,manual,2025-09-20
DAR,manual,2025-09-20
CB,guru_list,2025-09-20
BRX,guru_list,2025-09-20
CI,manual,2025-09-20
OBT,manual,2025-09-20
GNE,manual,2025-09-20
FLG,manual,2025-09-20
RFL,manual,2025-09-20
ZDGE,manual,2025-09-20
DIS,manual,2025-09-20
AGO,guru_list,2025-09-20
PEP,manual,2025-09-20
IBM,manual,2025-09-20
PEY,manual,2025-09-20
WEYS,manual,2025-09-20
C,guru_list,2025-09-20
SEB,manual,2025-09-20
HOLX,manual,2025-09-20
BP,guru_list,2025-09-20
WBS,manual,2025-09-20
CVX,manual,2025-09-20
PTEN,manual,2025-09-20
BMY,guru_list,2025-09-20
XOM,manual,2025-09-20
VOXX,manual,2025-09-20
FFH,manual,2025-09-20
OGN,manual,2025-09-20
CSX,manual,2025-09-20
AIG,guru_list,2025-09-20
AM,guru_list,2025-09-20
TOU,manual,2025-09-20
SEIC,manual,2025-09-20
BX,guru_list,2025-09-20
PEG,manual,2025-09-20
IDT,manual,2025-09-20
PG,manual,2025-09-20
NAVI,manual,2025-09-20
MBI,manual,2025-09-20
JBLU,manual,2025-09-20
AEP,guru_list,2025-09-20
UAN,manual,2025-09-20
IEP,manual,2025-09-20
BLCO,guru_list,2025-09-20
BHC,guru_list,2025-09-20
DAN,manual,2025-09-20
IFF,manual,2025-09-20
CVI,manual,2025-09-20
SWX,manual,2025-09-20
ILMN,manual,2025-09-20
SD,manual,2025-09-20
CTRI,manual,2025-09-20
ICE,manual,2025-09-20
RBA,manual,2025-09-20
GB,manual,2025-09-20
WDAY,manual,2025-09-20
BN,guru_list,2025-09-20
FLYX,manual,2025-09-20
T,manual,2025-09-20
X,manual,2025-09-20
CCO,guru_list,2025-08-24
CRS,manual,2025-09-20
DFS,manual,2025-09-20
APO,guru_list,2025-09-20
TDS,manual,2025-09-20
CSGP,manual,2025-09-20
TLN,manual,2025-09-20
LPLA,manual,2025-09-20
HES,manual,2025-09-20
SDRL,manual,2025-09-20
DHR,manual,2025-09-20
FTV,manual,2025-09-20
FLUT,manual,2025-09-20
LYV,manual,2025-09-20
SHCO,manual,2025-09-20
AUR,guru_list,2025-09-20
CASY,guru_list,2025-09-20
CPAY,manual,2025-09-20
J,manual,2025-09-20
PRMB,manual,2025-09-20
TMO,manual,2025-09-20
CNK,manual,2025-09-20
PCG,manual,2025-09-20
MCO,manual,2025-09-20
CP,manual,2025-09-20
HTHT,manual,2025-09-20
GHC,manual,2025-09-20
LLYVK,manual,2025-09-20
WEST,manual,2025-09-20
RTX,manual,2025-09-20
PCH,manual,2025-09-20
RXO,manual,2025-09-20
MSGS,manual,2025-09-20
AMG,guru_list,2025-09-20
HHH,manual,2025-09-20
XPO,manual,2025-09-20
ENOV,manual,2025-09-20
HSIC,manual,2025-09-20
BIO,guru_list,2025-09-20
SAM,manual,2025-09-20
DOLE,manual,2025-09-20
LLYVA,manual,2025-09-20
HOUS,manual,2025-09-20
PK,manual,2025-09-20
PVH,manual,2025-09-20
ACI,guru_list,2025-09-20
H,manual,2025-09-20
WTM,manual,2025-09-20
CAH,guru_list,2025-09-20
SHEN,manual,2025-09-20
LAZ,manual,2025-09-20
TRIP,manual,2025-09-20
ESRT,manual,2025-09-20
CNX,manual,2025-09-20
BATRK,guru_list,2025-09-20
HDB,manual,2025-09-20
SIRI,manual,2025-09-20
VRSN,manual,2025-09-20
NVR,manual,2025-09-20
KR,manual,2025-09-20
DVA,manual,2025-09-20
KO,manual,2025-09-20
AON,guru_list,2025-09-20
JEF,manual,2025-09-20
DPZ,manual,2025-09-20
CHTR,manual,2025-09-20
LPX,manual,2025-09-20
HEI.A,manual,2025-09-20
LILA,manual,2025-09-20
TMUS,manual,2025-09-20
STZ,manual,2025-09-20
LEN.B,manual,2025-09-20
NU,manual,2025-09-20
ALLY,guru_list,2025-09-20
LILAK,manual,2025-09-20
MCY,manual,2025-09-20
CMI,manual,2025-09-20
TRV,manual,2025-09-20
ALK,guru_list,2025-09-20
GEV,manual,2025-09-20
EQNR,manual,2025-09-20
DLTR,manual,2025-09-20
SHEL,manual,2025-09-20
OVV,manual,2025-09-20
VLO,manual,2025-09-20
NKE,manual,2025-09-20
SBUX,manual,2025-09-20
OLN,manual,2025-09-20
NXPI,manual,2025-09-20
K,manual,2025-09-20
SYF,manual,2025-09-20
SMHI,manual,2025-09-20
NEM,manual,2025-09-20
MDXG,manual,2025-09-20
MCHP,manual,2025-09-20
PRLB,manual,2025-09-20
PGNY,manual,2025-09-20
ALRM,guru_list,2025-09-20
PSTG,manual,2025-09-20
CHRS,manual,2025-09-20
STRA,manual,2025-09-20
CGNX,guru_list,2025-09-20
SRI,manual,2025-09-20
AIOT,guru_list,2025-09-20
CELH,guru_list,2025-09-20
LGIH,manual,2025-09-20
FOXF,manual,2025-09-20
MSM,manual,2025-09-20
MYGN,manual,2025-09-20
AKAM,guru_list,2025-09-20
RCL,manual,2025-09-20
ZIP,manual,2025-09-20
GEOS,manual,2025-09-20
MLKN,manual,2025-09-20
SNA,manual,2025-09-20
ADSK,guru_list,2025-09-20
INMD,manual,2025-09-20
CTLP,manual,2025-09-20
CTRA,manual,2025-09-20
MTLS,manual,2025-09-20
CLB,manual,2025-09-20
IPGP,manual,2025-09-20
LSTR,manual,2025-09-20
PRO,manual,2025-09-20
VRNT,manual,2025-09-20
DLB,manual,2025-09-20
POWI,manual,2025-09-20
SMTC,manual,2025-09-20
GNRC,manual,2025-09-20
IDCC,manual,2025-09-20
PLXS,manual,2025-09-20
CEVA,guru_list,2025-09-20
KRNT,manual,2025-09-20
EGAN,manual,2025-09-20
ALGN,guru_list,2025-09-20
SFIX,manual,2025-09-20
SRDX,manual,2025-09-20
GGG,manual,2025-09-20
ISRG,manual,2025-09-20
TREX,manual,2025-09-20
SSTI,manual,2025-09-20
SMCI,manual,2025-09-20
THRM,manual,2025-09-20
SPSC,manual,2025-09-20
TTWO,manual,2025-09-20
ONON,manual,2025-09-20
ECL,manual,2025-09-20
WCN,manual,2025-09-20
MCD,manual,2025-09-20
WMT,manual,2025-09-20
BUD,guru_list,2025-09-20
VLTO,manual,2025-09-20
DE,manual,2025-09-20
SDGR,manual,2025-09-20
CAT,guru_list,2025-09-20
HRL,manual,2025-09-20
UPS,manual,2025-09-20
PCAR,manual,2025-09-20
WST,manual,2025-09-20
WM,manual,2025-09-20
LLY,manual,2025-09-20
WING,manual,2025-09-20
BTDR,stock_list,2025-09-19
HWM,manual,2025-09-20
PTC,manual,2025-09-20
CIFR,manual,2025-09-20
TOL,manual,2025-09-20
WULF,manual,2025-09-20
CVNA,manual,2025-09-20
SPOT,manual,2025-09-20
PM,manual,2025-09-20
CRM,manual,2025-09-20
CEG,guru_list,2025-08-14
ARES,guru_list,2025-09-20
HUT,manual,2025-09-20
LEN,manual,2025-09-20
CME,manual,2025-09-20
TKO,manual,2025-09-20
MANU,manual,2025-09-20
EFX,manual,2025-09-20
TROW,manual,2025-09-20
FICO,manual,2025-09-20
CL,manual,2025-09-20
HSY,manual,2025-09-20
BF.A,guru_list,2025-09-20
MDLZ,manual,2025-09-20
VRSK,manual,2025-09-20
BF.B,guru_list,2025-09-20
EBAY,manual,2025-09-20
EQH,manual,2025-09-20
NBIS,manual,2025-09-20
LAD,manual,2025-09-20
RMNI,manual,2025-09-20
STLA,manual,2025-09-20
GPI,manual,2025-09-20
HTZ,manual,2025-09-20
SEG,manual,2025-09-20
HLT,manual,2025-09-20
SOC,manual,2025-09-20
BHF,guru_list,2025-09-20
PENN,manual,2025-09-20
HPQ,manual,2025-09-20
DHT,manual,2025-09-20
SNX,manual,2025-09-20
WFRD,manual,2025-09-20
ACHC,guru_list,2025-09-20
KD,manual,2025-09-20
PTON,manual,2025-09-20
TEVA,manual,2025-09-20
NUVB,manual,2025-09-20
GPRO,manual,2025-09-20
GANX,manual,2025-09-20
ALIT,guru_list,2025-09-20
GPK,manual,2025-09-20
ROIV,manual,2025-09-20
CNC,manual,2025-09-20
GRBK,manual,2025-09-20
COYA,manual,2025-09-20
FNF,manual,2025-09-20
OMF,manual,2025-09-20
RYAAY,manual,2025-09-20
FG,manual,2025-09-20
MRP,manual,2025-09-20
SLM,manual,2025-09-20
BLDR,guru_list,2025-09-20
PRI,manual,2025-09-20
MAR,manual,2025-09-20
AN,guru_list,2025-09-20
EXPE,manual,2025-09-20
RBLX,manual,2025-09-20
NSIT,manual,2025-09-20
FANG,manual,2025-09-20
WRB,manual,2025-09-20
JOE,manual,2025-09-20
OZK,manual,2025-09-20
EOG,manual,2025-09-20
VTS,manual,2025-09-20
CASH,guru_list,2025-09-20
CACC,guru_list,2025-09-20
IMO,manual,2025-09-20
CYD,manual,2025-09-20
MG,manual,2025-09-20
LEA,manual,2025-09-20
TEX,manual,2025-09-20
APTV,guru_list,2025-09-20
GTLS,manual,2025-09-20
HUN,manual,2025-09-20
ASH,guru_list,2025-09-20
GT,manual,2025-09-20
EMN,manual,2025-09-20
OSK,manual,2025-09-20
HD,manual,2025-09-20
CHH,manual,2025-09-20
SABR,manual,2025-09-20
CPRX,manual,2025-09-20
WAT,manual,2025-09-20
IEX,manual,2025-09-20
MSCI,manual,2025-09-20
SYK,manual,2025-09-20
CHD,manual,2025-09-20
OTIS,manual,2025-09-20
CLX,manual,2025-09-20
EXPO,manual,2025-09-20
MTD,manual,2025-09-20
AER,guru_list,2025-09-20
SPT,manual,2025-09-20
HRI,manual,2025-09-20
WIX,manual,2025-09-20
SMAR,manual,2025-09-20
SEMR,manual,2025-09-20
UPWK,manual,2025-09-20
BAH,guru_list,2025-09-20
MMC,manual,2025-09-20
LIN,manual,2025-09-20
ADI,guru_list,2025-09-20
WMG,manual,2025-09-20
ACN,guru_list,2025-09-20
DOW,manual,2025-09-20
RGLD,manual,2025-09-20
RIG,manual,2025-09-20
MCK,manual,2025-09-20
SLB,manual,2025-09-20
WAB,manual,2025-09-20
MTZ,manual,2025-09-20
TMHC,manual,2025-09-20
AEM,guru_list,2025-09-20
KEX,manual,2025-09-20
RUSHB,manual,2025-09-20
TGNA,manual,2025-09-20
BGC,guru_list,2025-09-20
RUSHA,manual,2025-09-20
DBRG,manual,2025-09-20
CCCS,guru_list,2025-09-20
KMX,manual,2025-09-20
ROP,manual,2025-09-20
ABNB,guru_list,2025-09-20
GSHD,manual,2025-09-20
SOPH,manual,2025-09-20
LOAR,manual,2025-09-20
ABG,guru_list,2025-09-20
TW,manual,2025-09-20
A,guru_list,2025-09-20
BLK,guru_list,2025-09-20
TME,manual,2025-09-20
FAST,manual,2025-09-20
SSNC,manual,2025-09-20
ENTG,manual,2025-09-20
IQV,manual,2025-09-20
YUM,manual,2025-09-20
CBRE,guru_list,2025-09-20
LH,manual,2025-09-20
TECH,manual,2025-09-20
GPN,manual,2025-09-20
ACIW,guru_list,2025-09-20
LKQ,manual,2025-09-20
CCRD,guru_list,2025-09-20
HON,manual,2025-09-20
MLM,manual,2025-09-20
VMC,manual,2025-09-20
ZBH,manual,2025-09-20
PRGO,manual,2025-09-20
BKR,guru_list,2025-09-20
MHK,manual,2025-09-20
INCY,manual,2025-09-20
KMI,manual,2025-09-20
CHKP,manual,2025-09-20
LUV,manual,2025-09-20
BBWI,guru_list,2025-09-20
FLEX,manual,2025-09-20
CF,guru_list,2025-09-20
AVTR,guru_list,2025-09-20
ABX,guru_list,2025-09-20
NWSA,manual,2025-09-20
CTSH,manual,2025-09-20
RDI,manual,2025-09-20
RS,manual,2025-09-20
AMRK,guru_list,2025-09-20
CNQ,manual,2025-09-20
FOXA,manual,2025-09-20
AWI,guru_list,2025-09-20
CRMT,manual,2025-09-20
AMPY,guru_list,2025-09-20
EMBC,manual,2025-09-20
EAF,manual,2025-09-20
MO,manual,2025-09-20
LMT,manual,2025-09-20
GS,manual,2025-09-20
DVN,manual,2025-09-20
LEGH,manual,2025-09-20
INGR,manual,2025-09-20
FOX,manual,2025-09-20
NOC,manual,2025-09-20
WBD,manual,2025-09-20
MAS,manual,2025-09-20
NTRS,manual,2025-09-20
TDY,manual,2025-09-20
CATO,guru_list,2025-09-20
SYY,manual,2025-09-20
NWS,manual,2025-09-20
DJCO,manual,2025-09-20
SRG,manual,2025-09-20
VFS,manual,2025-09-20
RXRX,manual,2025-09-20
RNW,manual,2025-09-20
VLY,manual,2025-09-20
GTM,manual,2025-09-20
TIGR,manual,2025-09-20
RUN,manual,2025-09-20
EXPI,manual,2025-09-20
EVCM,manual,2025-09-20
WBA,manual,2025-09-20
TXG,manual,2025-09-20
PDBC,manual,2025-09-20
ICLN,manual,2025-09-20
INDV,manual,2025-09-20
HST,manual,2025-09-20
PPTA,manual,2025-09-20
FA,manual,2025-09-20
TRMD,manual,2025-09-20
BSCT,stock_list,2025-09-19
SBLK,manual,2025-09-20
BZ,stock_list,2025-09-19
BSCR,stock_list,2025-09-20
OSW,manual,2025-09-20
ACAD,stock_list,2025-09-19
NAMS,manual,2025-09-20
ARCC,stock_list,2025-08-14
CCNR,stock_list,2025-09-19
VKTX,manual,2025-09-20
HRMY,manual,2025-09-20
ZLAB,manual,2025-09-20
TRMK,manual,2025-09-20
APGE,stock_list,2025-07-23
PRFZ,manual,2025-09-20
RING,manual,2025-09-20
FIZZ,manual,2025-09-20
BATRA,stock_list,2025-07-23
CART,stock_list,2025-08-11
VTIP,manual,2025-09-20
SLQD,manual,2025-09-20
USIG,manual,2025-09-20
IGSB,manual,2025-09-20
IGIB,manual,2025-09-20
DFGP,manual,2025-09-20
ASO,stock_list,2025-09-01
BSY,stock_list,2025-07-25
FTDR,manual,2025-09-20
IGF,manual,2025-09-20
VGIT,manual,2025-09-20
FTSM,manual,2025-09-20
IRON,manual,2025-09-20
FV,manual,2025-09-20
ACWX,stock_list,2025-09-19
ON,manual,2025-09-20
ETSY,manual,2025-09-20
RDVY,manual,2025-09-20
JGLO,manual,2025-09-20
LNT,manual,2025-09-20
CAKE,stock_list,2025-07-30
XT,manual,2025-09-20
PABU,manual,2025-09-20
EVRG,manual,2025-09-20
VXUS,manual,2025-09-20
SCZ,manual,2025-09-20
KBWB,manual,2025-09-20
URBN,manual,2025-09-20
USCL,manual,2025-09-20
ACLS,stock_list,2025-09-19
ZG,manual,2025-09-20
IXUS,manual,2025-09-20
VCSH,manual,2025-09-20
UPST,manual,2025-09-20
Z,manual,2025-09-20
VYMI,manual,2025-09-20
TRMB,manual,2025-09-20
VCIT,manual,2025-09-20
AAXJ,stock_list,2025-09-19
VONV,manual,2025-09-20
EMB,manual,2025-09-20
LOGI,manual,2025-09-20
IUSV,manual,2025-09-20
AMED,stock_list,2025-08-14
CCEP,stock_list,2025-07-30
PATK,manual,2025-09-20
VRNA,manual,2025-09-20
CHDN,manual,2025-09-20
IEI,manual,2025-09-20
ACWI,stock_list,2025-09-20
ROST,manual,2025-09-20
ESGU,manual,2025-09-20
DVY,manual,2025-09-20
QQEW,manual,2025-09-20
CINF,manual,2025-09-20
KRYS,manual,2025-09-20
EA,manual,2025-09-20
FSLR,manual,2025-09-20
MZTI,manual,2025-09-20
CAR,stock_list,2025-07-24
LECO,manual,2025-09-20
SBAC,manual,2025-09-20
VTHR,manual,2025-09-20
VONE,manual,2025-09-20
AMGN,stock_list,2025-07-23
ALNY,stock_list,2025-07-31
FCNCA,manual,2025-09-20
TMC,stock_list,2025-07-24
AGNC,stock_list,2025-09-19
CORZ,stock_list,2025-09-19
PAA,stock_list,2025-07-24
PAGP,stock_list,2025-07-24
IDYA,stock_list,2025-09-19
CFLT,stock_list,2025-07-24
WSC,stockscore_list,2025-07-26
RPRX,stock_list,2025-08-11
HUBG,stock_list,2025-09-19
NNE,stock_list,2025-09-20
AMSC,stock_list,2025-09-19
FBNC,stock_list,2025-09-19
VRNS,stock_list,2025-09-20
JEPQ,stock_list,2025-09-20
VEON,stock_list,2025-09-05
TPG,stock_list,2025-09-20
HALO,stock_list,2025-09-20
ASTS,stock_list,2025-07-24
CG,stock_list,2025-09-19
USMC,stock_list,2025-09-20
NXT,stock_list,2025-09-20
MRUS,stock_list,2025-09-19
IBIT,stock_list,2025-09-18
ACLX,stock_list,2025-09-19
ONEQ,stock_list,2025-09-20
ARCB,stock_list,2025-07-25
NVDL,stock_list,2025-08-11
DGRW,stock_list,2025-09-20
AIRR,stock_list,2025-09-19
DXCM,stock_list,2025-07-25
SLNO,stock_list,2025-07-24
TQQQ,stock_list,2025-09-20
FTCS,stock_list,2025-09-19
NDAQ,stock_list,2025-08-11
CHRW,stock_list,2025-09-19
DXPE,stock_list,2025-09-19
CHRD,stock_list,2025-07-31
VONG,stock_list,2025-09-20
VC,stock_list,2025-09-19
PI,stock_list,2025-09-19
VSEC,stock_list,2025-09-19
IBB,stock_list,2025-09-19
DDOG,stock_list,2025-07-25
IUSG,stock_list,2025-09-20
PLTR,stock_list,2025-09-20
FSV,stock_list,2025-09-19
MYRG,stock_list,2025-07-25
PANW,stock_list,2025-09-20
QQQM,stock_list,2025-09-20
MDB,guru_list,2025-09-20
POWL,stock_list,2025-09-19
DASH,stock_list,2025-09-09
ONC,stock_list,2025-09-19
QQQ,stock_list,2025-09-20
MELI,guru_list,2025-09-20
ticker,source,2025-07-26
GOGL,stock_list,2025-08-06
GRFS,stock_list,2025-08-14
GBDC,stock_list,2025-07-25
VRRM,stock_list,2025-08-05
SMMT,stock_list,2025-08-04
PFF,stock_list,2025-09-20
COWG,stock_list,2025-09-20
CENTA,stock_list,2025-08-04
RNA,stock_list,2025-08-06
DRS,stock_list,2025-07-25
QQQI,stock_list,2025-09-20
MRCY,stock_list,2025-09-19
KTOS,stock_list,2025-09-19
VWOB,stock_list,2025-09-19
BLKB,stock_list,2025-09-12
ROCK,stock_list,2025-07-29
VCTR,stock_list,2025-09-12
PHO,stock_list,2025-09-19
JPEF,stock_list,2025-09-20
CIBR,stock_list,2025-09-19
JTEK,stock_list,2025-09-20
QTUM,stock_list,2025-09-19
INSM,stock_list,2025-09-19
LITE,stock_list,2025-09-19
DSGX,stock_list,2025-09-06
SHV,stock_list,2025-09-20
SKYW,stock_list,2025-09-05
BPOP,stock_list,2025-09-20
BNTX,stock_list,2025-09-06
GILD,stock_list,2025-08-11
BELFB,stock_list,2025-09-19
SKYY,stock_list,2025-09-20
MGRC,stock_list,2025-09-18
GRID,stock_list,2025-09-20
SEZL,stock_list,2025-08-04
ARM,stock_list,2025-07-25
QTEC,stock_list,2025-09-20
NDSN,stock_list,2025-07-25
CE,guru_list,2025-09-20
VBTX,stock_list,2025-09-19
COMM,stock_list,2025-08-04
WB,stock_list,2025-09-19
APA,stock_list,2025-09-19
SOFI,stock_list,2025-09-20
PARAA,stock_list,2025-07-29
AMKR,stock_list,2025-09-19
FROG,stock_list,2025-09-19
IUSB,stock_list,2025-09-19
VMBS,stock_list,2025-09-19
UITB,stock_list,2025-09-19
DOOO,stock_list,2025-09-19
IBOC,stock_list,2025-09-19
WDC,stock_list,2025-09-20
RMBS,stock_list,2025-09-19
BND,stock_list,2025-09-20
MRVL,stock_list,2025-08-14
VCRB,stock_list,2025-09-19
SIMO,stock_list,2025-09-20
TDIV,stock_list,2025-09-20
IEF,stock_list,2025-09-19
SNEX,stock_list,2025-09-12
CRUS,stock_list,2025-09-19
CRDO,stock_list,2025-09-17
SANM,stock_list,2025-09-11
NBIX,stock_list,2025-09-19
FRHC,stock_list,2025-08-06
WWD,stock_list,2025-07-30
SMH,stock_list,2025-09-19
CCSI,guru_list,2025-09-20
AAP,guru_list,2025-09-20
SFNC,guru_list,2025-09-20
ARW,guru_list,2025-09-20
OEC,guru_list,2025-09-20
LW,guru_list,2025-09-20
MTDR,guru_list,2025-09-20
BSM,guru_list,2025-09-20
TDW,guru_list,2025-09-20
CROX,guru_list,2025-09-20
FIBK,guru_list,2025-09-20
BFH,guru_list,2025-09-20
CVE,guru_list,2025-09-20
REZI,guru_list,2025-09-20
NTR,guru_list,2025-09-20
LPG,guru_list,2025-09-20
BZH,guru_list,2025-09-20
LGND,guru_list,2025-09-20
GDRX,stock_list,2025-07-30
AVPT,stock_list,2025-07-30
SRAD,stock_list,2025-09-11
SATS,stock_list,2025-09-01
GLNG,stock_list,2025-09-06
TBIL,stock_list,2025-07-30
RRR,stock_list,2025-09-19
CHEF,stock_list,2025-09-16
XEL,stock_list,2025-09-13
TER,stock_list,2025-09-20
CALM,stock_list,2025-09-13
ITRI,stock_list,2025-07-30
SOXX,stock_list,2025-09-19
LFUS,stock_list,2025-09-19
CYBR,stock_list,2025-09-20
ESLT,stock_list,2025-09-19
ARGX,stock_list,2025-09-19
IBTF,stock_list,2025-07-31
BBIO,stock_list,2025-09-19
INOD,stock_list,2025-09-20
ROKU,stock_list,2025-09-20
STX,stock_list,2025-09-19
HWKN,stock_list,2025-09-19
NXST,stock_list,2025-09-20
FFIV,stock_list,2025-09-19
ZBRA,stock_list,2025-08-04
BSCU,stock_list,2025-09-19
SBRA,stock_list,2025-09-19
BSCS,stock_list,2025-09-19
FIXD,stock_list,2025-09-20
MIRM,stock_list,2025-09-19
VGSH,stock_list,2025-09-05
MBB,stock_list,2025-09-19
PSMT,stock_list,2025-09-19
COOP,guru_list,2025-09-20
PWP,stock_list,2025-08-03
SHY,stock_list,2025-09-04
UNIT,stock_list,2025-08-04
NN,stock_list,2025-09-19
EXTR,stock_list,2025-09-19
LQDA,stock_list,2025-09-19
TSEM,stock_list,2025-09-19
VGLT,stock_list,2025-09-19
SYM,stock_list,2025-09-20
AFRM,stock_list,2025-09-20
VCLT,stock_list,2025-09-19
LIF,stock_list,2025-09-19
TLT,stock_list,2025-09-19
RYTM,stock_list,2025-09-19
UMBF,stock_list,2025-09-19
FCFS,stock_list,2025-09-19
ALAB,stock_list,2025-09-17
DAVE,stock_list,2025-09-20
ADPT,stock_list,2025-09-19
PRCH,stock_list,2025-09-19
RGTI,stock_list,2025-09-19
BSCQ,stock_list,2025-09-19
LAUR,stock_list,2025-09-20
SHOP,stock_list,2025-09-20
HLNE,stock_list,2025-09-12
SSRM,stock_list,2025-09-20
QYLD,stock_list,2025-09-20
TVTX,stock_list,2025-09-20
PINC,stock_list,2025-09-19
GSAT,stock_list,2025-09-20
MKTAY,stock_list,2025-09-19
EOSE,stock_list,2025-09-19
MQ,stock_list,2025-08-07
AMRX,stock_list,2025-09-19
ARHS,stock_list,2025-08-07
ETHA,stock_list,2025-09-19
VITL,stock_list,2025-09-03
BLBD,stock_list,2025-08-07
LSCC,stock_list,2025-09-20
AZN,stock_list,2025-09-19
HAS,stock_list,2025-09-13
QRVO,stock_list,2025-09-19
BELFA,stock_list,2025-09-19
AEIS,stock_list,2025-09-20
LZ,stock_list,2025-08-08
SOUN,stock_list,2025-09-20
TASK,stock_list,2025-09-19
OTEX,stock_list,2025-09-19
ANIP,stock_list,2025-09-19
ESGD,stock_list,2025-09-19
PSIX,stock_list,2025-09-20
WLDN,stock_list,2025-08-11
HOOD,stock_list,2025-09-20
SAIC,stock_list,2025-09-03
FUTU,stock_list,2025-09-19
NTAP,stock_list,2025-09-19
SHC,guru_list,2025-09-20
ARWR,stock_list,2025-09-19
RKLB,stock_list,2025-09-19
CELC,stock_list,2025-08-24
PPC,stock_list,2025-08-11
FER,stock_list,2025-09-19
WGS,stock_list,2025-09-19
FORTY,stock_list,2025-09-19
ANGI,guru_list,2025-09-20
O,guru_list,2025-09-20
CDP,guru_list,2025-09-20
AAL,stock_list,2025-09-19
SONO,stock_list,2025-09-20
WBTN,stock_list,2025-09-20
USAR,stock_list,2025-09-19
VRDN,stock_list,2025-09-19
BSVO,stock_list,2025-09-19
PPBI,stock_list,2025-09-01
BUSE,stock_list,2025-09-19
BILI,stock_list,2025-09-19
VECO,stock_list,2025-09-20
CLDX,stock_list,2025-09-19
COLB,stock_list,2025-09-19
TILE,stock_list,2025-09-19
SHOO,stock_list,2025-09-19
WAFD,stock_list,2025-09-19
DSGR,stock_list,2025-08-25
OUST,stock_list,2025-09-19
PGY,stock_list,2025-09-19
BOTZ,stock_list,2025-09-20
TOWN,stock_list,2025-09-19
SDVY,stock_list,2025-09-19
NBTB,stock_list,2025-09-18
CECO,stock_list,2025-09-19
CATY,stock_list,2025-09-19
JOYY,stock_list,2025-09-19
MLTX,stock_list,2025-09-19
EFSC,stock_list,2025-09-19
CRSP,stock_list,2025-09-19
MCHI,stock_list,2025-09-19
HWC,stock_list,2025-09-19
STEP,stock_list,2025-09-19
EMXC,stock_list,2025-09-19
INDB,stock_list,2025-09-19
TCBI,stock_list,2025-09-19
VTWO,stock_list,2025-09-19
UAL,guru_list,2025-09-20
BOKF,stock_list,2025-09-19
BIIB,stock_list,2025-09-19
IJT,stock_list,2025-09-19
FTAI,stock_list,2025-09-20
DORM,stock_list,2025-09-19
IRTC,stock_list,2025-09-19
RAL,guru_list,2025-09-20
MESO,stock_list,2025-09-20
BSCP,stock_list,2025-09-19
AMCR,guru_list,2025-09-20
PAGS,guru_list,2025-09-20
FI,guru_list,2025-09-20
IAS,stock_list,2025-08-18
WVE,stock_list,2025-09-03
FLYW,stock_list,2025-09-19
ATEC,stock_list,2025-09-04
HSAI,stock_list,2025-09-19
CDTX,stock_list,2025-09-19
RDFN,guru_list,2025-09-20
MGNI,stock_list,2025-09-20
FLR,guru_list,2025-09-20
VSCO,guru_list,2025-09-20
SDHC,guru_list,2025-09-20
AXGN,guru_list,2025-09-20
VRT,guru_list,2025-09-20
OPEN,stock_list,2025-08-21
APLD,stock_list,2025-09-20
ICFI,stock_list,2025-09-19
MDGL,stock_list,2025-08-24
NUE,guru_list,2025-09-20
LAMR,guru_list,2025-09-20
ALLE,guru_list,2025-09-20
TRS,stock_list,2025-09-19
FFBC,stock_list,2025-09-19
AGIO,stock_list,2025-09-19
CVBF,stock_list,2025-09-19
SBCF,stock_list,2025-09-19
VFLO,stock_list,2025-09-19
GABC,stock_list,2025-09-19
PTGX,stock_list,2025-09-20
CMPR,stock_list,2025-09-19
AMBA,stock_list,2025-09-20
SYNA,stock_list,2025-09-19
LMAT,stock_list,2025-08-24
ALX,guru_list,2025-09-20
FBIN,guru_list,2025-09-20
OMI,guru_list,2025-09-20
CLW,guru_list,2025-09-20
FRME,stock_list,2025-09-19
LKFN,stock_list,2025-09-09
CHCO,stock_list,2025-09-12
WINA,stock_list,2025-09-19
ASIC,guru_list,2025-09-20
CTEV,guru_list,2025-09-20
TTAN,guru_list,2025-09-20
FLS,guru_list,2025-09-20
DOCU,guru_list,2025-09-20
ARDT,guru_list,2025-09-20
HBAN,stock_list,2025-09-19
AUGO,stock_list,2025-09-16
PAHC,stock_list,2025-09-19
FOLD,stock_list,2025-09-17
XP,stock_list,2025-09-05
FULT,stock_list,2025-09-19
IPX,stock_list,2025-09-17
DAL,guru_list,2025-09-20
WHR,guru_list,2025-09-20
KNSA,stock_list,2025-09-19
CGON,stock_list,2025-09-19
AVDL,stock_list,2025-09-19
CLMT,stock_list,2025-09-20
METC,stock_list,2025-09-19
ASND,stock_list,2025-09-09
MKSI,stock_list,2025-09-19
NFLX,guru_fallback,2025-09-10
ABT,guru_fallback,2025-09-10
ATRO,stock_list,2025-09-11
PNE,guru_list,2025-09-20
AUPH,stock_list,2025-09-20
FHB,stock_list,2025-09-12
ACT,stock_list,2025-09-12
EVLV,stock_list,2025-09-13
GLXY,stock_list,2025-09-19
AAOI,stock_list,2025-09-16
HROW,stock_list,2025-09-19
PEGA,stock_list,2025-09-19
VICR,stock_list,2025-09-19
EEMA,stock_list,2025-09-19
CLSK,stock_list,2025-09-19
NTLA,stock_list,2025-09-19
ONB,stock_list,2025-09-18
EYE,stock_list,2025-09-19
LASR,stock_list,2025-09-19
TCBK,stock_list,2025-09-19
AVAV,stock_list,2025-09-19
ACOG,rule1,2025-09-18
BFC,rule1,2025-09-18
BANL,rule1,2025-09-18
GLOB,rule1,2025-09-18
IBP,rule1,2025-09-18
MSW,rule1,2025-09-18
NICE,rule1,2025-09-18
NECB,rule1,2025-09-18
RITR,rule1,2025-09-18
CARG,stock_list,2025-09-19
ONDS,stock_list,2025-09-20
WRD,stock_list,2025-09-20
ADEA,stock_list,2025-09-20
PSKY,stock_list,2025-09-20
STNE,stock_list,2025-09-20
QUBT,stock_list,2025-09-20
VCYT,stock_list,2025-09-20
FMB,stock_list,2025-09-20
XMTR,stock_list,2025-09-20
KARO,stock_list,2025-09-20
SWKS,stock_list,2025-09-20
OTTR,stock_list,2025-09-20
TEM,stock_list,2025-09-20
MMYT,stock_list,2025-09-20
ROAD,stock_list,2025-09-20
NTRA,stock_list,2025-09-20
LOPE,stock_list,2025-09-20
